SMILES,tanimoto_coefficient,pAct
O=C(O)c1ccc(NCc2cccc(Br)c2)cc1,0.265625,4.358456487247683
Clc1ccc(CN(Cc2ccc(Cl)cc2)c2nn[nH]n2)cc1,0.22580645161290322,4.835587655895231
Clc1ccc(-n2c(SC/C=C/c3ccccc3)nnc2-c2cccnc2)cc1,0.1958762886597938,5.073966403321156
O=C(c1nnc(-c2ccccc2)o1)N1CC(Oc2ccc(CN3CC4(COC4)C3)cc2)C1,0.2948717948717949,7.958607314841775
Clc1ccc(C2CC(c3cccs3)n3ncnc3N2)cc1Cl,0.16049382716049382,4.795554418566932
O=c1nc(NC2CC3CCC(C2)N3Cc2ccc3c(c2)OCO3)c2cc(Cl)ccc2n1CC(F)(F)F,0.3707865168539326,8.397940008672037
O=C(CSc1nnc(Cc2ccccc2)n1Cc1ccco1)NC1CCCC1,0.2926829268292683,4.358456487247683
O=C(NCC(CCNC1CCCC1)c1ccc(-c2ccc(Cl)cc2)cc1)Nc1cc(Cl)cc(Cl)c1,0.32926829268292684,6.552841968657781
O=C(NCC(CCNC1CCCC1)c1ccc(-c2ccccc2)cc1)Nc1cc(Cl)cc(Cl)c1,0.375,7.301029995663981
O=C(NCC(CCNC1CCCC1)c1ccc(-c2cccnc2)cc1)Nc1cc(Cl)cc(Cl)c1,0.32558139534883723,7.619788758288394
O=C(Nc1ccc2cc(CN3CCCC3)cnc2c1)N1CCC(c2ccc(Cl)cc2)CC1,0.39080459770114945,8.18045606445813
O=C(Nc1ccc2cc(CN3CCCC3)cnc2c1)N1CCC(c2ccccc2)CC1,0.39325842696629215,7.0
O=c1c2sc(-c3ccc(Cl)cc3)cc2ncn1-c1ccc2nc(CN3CCCC3)ccc2c1,0.38461538461538464,9.0
O=c1c2sc(-c3ccc(Cl)cc3)cc2ncn1-c1ccc2c(c1)NCC(CN1CCCC1)O2,0.3958333333333333,8.638272163982407
O=C(CCc1ccccc1)Nc1cc(C(=O)NCCN2CCCC2)ccc1Oc1ccc2ccccc2c1,0.36904761904761907,6.468521082957745
O=C(NCC(CCN1CCC(N2CCCCC2)CC1)c1ccc(Cl)c(Cl)c1)Nc1ccc(C(F)(F)F)cc1,0.31958762886597936,5.958607314841775
O=c1c2sc(-c3ccc(Cl)cc3)cc2ncn1-c1ccc2nc(CN3CCCCC3)ccc2c1,0.3956043956043956,9.050609993355089
O=c1c2sc(-c3ccc(Cl)cc3)cc2ncn1-c1ccc2nc(CN3CCC(c4ccc(C(F)(F)F)cc4)CC3)ccc2c1,0.39,8.214670164989233
O=c1c2sc(-c3ccc(Cl)cc3)cc2ncn1-c1ccc2nc(CN3CCC(c4ccc(F)cc4)CC3)ccc2c1,0.38144329896907214,8.508638306165727
O=C(COc1cccc(Cl)c1)NC1CCN(Cc2ccc(-c3ccc(OC(F)(F)F)cc3)o2)CC1,0.35294117647058826,6.987162775294828
O=c1c2sc(-c3ccc(Cl)cc3)cc2ncn1-c1ccc2nc(CN3CCN(c4ccccc4)CC3)ccc2c1,0.37373737373737376,8.42021640338319
Cc1ccc(Oc2ccc(C(=O)NCCN)cc2NC(=O)CCc2ccccc2)cc1C,0.3048780487804878,6.0
Cc1ccc(Oc2ccc(C(=O)NCCN3CCCC3)cc2NC(=O)/C=C/c2ccccc2)cc1C,0.37209302325581395,6.638272163982407
CC(=O)Nc1cc(C(=O)NCCN2CCCC2)ccc1Oc1ccc(C)c(C)c1,0.3670886075949367,6.0
Cc1ccc(Oc2ccc(C(=O)NCCN3CCCC3)cc2NC(=O)Cc2ccccc2)cc1C,0.3902439024390244,6.0
Cc1ccc(Oc2ccc(C(=O)NCCN3CCCC3)cc2NC(=O)CCc2ccccc2)cc1C,0.3764705882352941,6.214670164989233
Cc1ccc(Oc2ccc(C(=O)NCCN3CCCC3)cc2NC(=O)N(C)c2ccccc2)cc1C,0.39285714285714285,6.0
Cc1ccc(Oc2ccc(C(=O)NCCN3CCCC3)cc2NC(=O)Nc2ccccc2Cl)cc1C,0.39759036144578314,8.154901959985743
Cc1ccc(Oc2ccc(C(=O)NCCN3CCCC3)cc2NC(=O)Nc2ccccn2)cc1C,0.38372093023255816,6.0
Cc1ccc(Oc2ccc(C(=O)NCCN3CCCC3)cc2NC(=O)[C@@H]2C[C@H]2c2ccccc2)cc1C,0.36363636363636365,6.494850021680094
Cc1ccc(Sc2ccc(C(=O)NCCN3CCCC3)cc2NC(=O)CCc2ccccc2)cc1C,0.32894736842105265,6.0
Cc1cc(CN(C)C)ccc1OC1CN(C(=O)c2nnc(-c3ccccc3)o2)C1,0.3291139240506329,8.301029995663981
COc1ccc(-c2nnc(C(=O)N3CC(Oc4ccc(CN(C)C)c(C)c4)C3)o2)cc1,0.29347826086956524,7.853871964321762
Cc1c(NC(=O)c2ccc(OCC3CC3)cc2)ccc2cc(C(C)N3CCCC3)cnc12,0.3411764705882353,8.769551078621726
Cc1c(NC(=O)CCCCc2ccc(F)cc2)ccc2cc(CN3CCCC3)cnc12,0.3902439024390244,8.494850021680094
COc1nn(-c2cccc(C)c2)c(=O)c(Cl)c1Cl,0.21333333333333335,5.508638306165728
COc1ccc2nc(NCCCNCc3ccsc3)cc(C)c2c1,0.24705882352941178,7.823908740944319
COc1ccc2nc(N[C@H]3CC[C@H](NCc4ccsc4)C3)cc(C)c2c1,0.27586206896551724,7.207608310501746
COc1ccc2nc(N[C@H]3C[C@@H]4C[C@H]3[C@@H](NCc3ccsc3)C4)cc(C)c2c1,0.25274725274725274,7.455931955649724
COc1ccc2nc(N[C@H]3C[C@H]4C[C@@H]3[C@@H](NCc3ccsc3)C4)cc(C)c2c1,0.25274725274725274,6.432973633840939
COc1ccc2c(C)cc(N[C@H]3CCC[C@H](NCc4cccc(OC(F)(F)F)c4)C3)nc2c1,0.26881720430107525,7.823908740944319
COc1ccc2c(C)cc(N[C@H]3CCC[C@H](NCc4cccc5nsnc45)C3)nc2c1,0.23157894736842105,8.0
COc1ccc2c(C)cc(N[C@H]3CCC[C@H](NCc4cn(C)nc4C)C3)nc2c1,0.25,6.749579997691106
COc1ccc2c(C)cc(N[C@H]3CC[C@H](NCc4cn(C)c5ccc(C#N)cc45)C3)nc2c1,0.3076923076923077,7.4089353929735005
COc1ccc2c(C)cc(N[C@H]3CC[C@H](NCc4cn(C)c5ccc(OCc6ccccc6)cc45)C3)nc2c1,0.3010752688172043,7.096910013008056
COc1ccc2c(C)cc(N[C@H]3CC[C@H](NCc4cn(C)c5cc(C#N)ccc45)C3)nc2c1,0.2967032967032967,6.928117992693875
COc1ccc2c(C)cc(N[C@H]3CC[C@H](NCc4cn(C)c5c4ccc4cccnc45)C3)nc2c1,0.2803738317757009,7.1487416512809245
COc1ccc2c(C)cc(N[C@H]3CC[C@H](NCc4cn(C)c5cccnc45)C3)nc2c1,0.2761904761904762,7.080921907623926
Cc1cc(=O)oc2cc(OC(=O)c3ccccc3)ccc12,0.25,4.358456487247683
Cc1ccc(C2CCN(C(=O)Nc3ccc4cc(CN5CCCC5)cnc4c3)CC2)cc1,0.3548387096774194,7.638272163982407
CCC(=O)Nc1cc(C(=O)NCCN2CCCC2)ccc1Oc1ccc(C)c(C)c1,0.35802469135802467,6.0
CCCCC(=O)Nc1ccc(C(=O)Nc2ccc3cc(CN4CCCC4)cnc3c2C)cc1,0.36470588235294116,7.494850021680094
CCCCCC(=O)c1ccc(C(=O)Nc2ccc3cc(CN4CCCC4)cnc3c2C)cc1,0.37349397590361444,6.769551078621726
CCCCOc1ccc(C(=O)Nc2ccc3cc(CN4CCCC4)cnc3c2C)cc1,0.3780487804878049,8.698970004336019
CCCCS(=O)(=O)c1ccc(C(=O)Nc2ccc3cc(CN4CCCC4)cnc3c2C)cc1,0.36046511627906974,5.795880017344075
CCOC(=O)C(C)On1c(-c2ccccc2)nc2ccc([N+](=O)[O-])cc21,0.2073170731707317,4.799915936337848
CN(C)c1nc(NC2CCC(NC(=O)c3ccc(F)c(F)c3)CC2)nc2ccccc12,0.3013698630136986,8.08196966321512
CN(C)C1CCN(c2ccc(NC(=O)C#Cc3ccccc3)cc2)C1,0.2696629213483146,5.0
COc1ccc(-c2nnc(C(=O)N3CC(Oc4ccc(CN(C)C)c(F)c4)C3)o2)cc1,0.2903225806451613,7.823908740944319
COc1ccc(-c2nnc(C(=O)N3CC(Oc4ccc(CN(C)C)cc4)C3)o2)cc1,0.3176470588235294,7.886056647693163
CN(CCCN1CCC2(CC1)OCc1ccccc12)C(=O)C(c1ccc(F)c(F)c1)n1ccnn1,0.30612244897959184,8.721246399047171
CN(CCCN1CCC2(CC1)OCc1ccccc12)C(=O)C(c1ccc(F)c(F)c1)n1cncn1,0.30612244897959184,8.537602002101044
CN(CCCN1CCC2(CC1)OCc1ccccc12)C(=O)C(c1ccc(F)c(F)c1)N1CCCC1=O,0.3263157894736842,8.568636235841012
CN(CCCN1CCC2(CC1)OCc1ccccc12)C(=O)C(c1ccccc1)c1ccc(F)c(F)c1,0.3548387096774194,9.0
CN(CCCN1CCC2(CC1)OCc1cc(F)ncc12)C(=O)C(c1ccc(F)c(F)c1)n1cccn1,0.2830188679245283,8.886056647693163
COc1ccc(-c2nnc(C(=O)N3CC(Oc4ccc(CN5CCN(C)CC5)c(F)c4)C3)o2)cc1,0.32608695652173914,7.602059991327962
CN1CCN(Cc2ccc(OC3CN(C(=O)c4nnc(-c5ccccc5)o4)C3)cc2F)CC1,0.2875,7.031517051446065
CN[C@H]1CCN(c2ccc(N3Cc4cn(-c5ccc(Cl)cc5)nc4C3=O)cn2)C1,0.29213483146067415,6.617982957425132
COc1cc(N[C@H]2CCC[C@H](NCc3ccsc3)C2)nc2ccc(F)cc12,0.24705882352941178,7.045757490560675
COc1ccc(-c2nnc(C(=O)N3CC(Oc4ccc(CN5CCOCC5)c(OC)c4)C3)o2)cc1,0.31521739130434784,7.795880017344075
COc1ccc(-c2nnc(C(=O)N3CC(Oc4ccc(CN5CC6(COC6)C5)cc4)C3)o2)cc1,0.33707865168539325,7.958607314841775
COc1ccc(-c2nnc(C(=O)N3CC(Oc4ccc(CN5CCCC5)cc4)C3)o2)cc1,0.3902439024390244,8.221848749616356
COc1ccc(-c2nnc(C(=O)N3CC(Oc4ccc(CN5CCCOCC5)cc4)C3)o2)cc1,0.36363636363636365,7.958607314841775
COc1ccccc1C1CC(c2ccc(Cl)cc2)Nc2ncnn21,0.2413793103448276,4.611099891645763
COc1ccc(-c2nnc(C(=O)N3CC(Oc4ccc(CN5CC(OC)C5)cc4)C3)o2)cc1,0.35714285714285715,7.721246399047171
C[C@H]1c2c([nH]c3ccc(C(F)(F)F)cc23)C[C@H]2CCN(CCC3(C(=O)O)CCCCC3)C[C@@H]21,0.26804123711340205,9.221848749616356
C[C@H]1c2c([nH]c3ccc(C(F)(F)F)cc23)C[C@H]2CCN(CCC3(C(=O)O)CCOCC3)C[C@@H]21,0.2692307692307692,8.045757490560675
C[C@H]1c2c([nH]c3ccc(C(F)(F)F)cc23)C[C@H]2CCN(CCN3CCOCC3=O)C[C@@H]21,0.23529411764705882,8.154901959985743
C[C@@H]1c2c([nH]c3ccc(C(F)(F)F)cc23)C[C@@H]2CCN(CCN3CCOCC3)C[C@H]21,0.2631578947368421,6.1249387366083
CN(C)c1nc(NC[C@H]2CC[C@H](CNS(=O)(=O)c3ccc(Br)cc3OC(F)(F)F)CC2)nc2ccccc12,0.22772277227722773,6.79588
O=c1cc(-c2ccc(C(F)(F)F)cc2F)ccn1-c1ccc2c(cnn2CCN2CCCC2)c1,0.3625,7.79588
O=c1cc(-c2ccc(Cl)cn2)ccn1-c1ccc2c(cnn2CCN2CCCC2)c1,0.3815789473684211,6.565431
CSc1ccc(-c2ccn(-c3ccc4c5c(n(C)c4c3)CCNC5)c(=O)c2)cc1,0.21794871794871795,8.619789
Cn1c2c(c3ccc(-n4ccc(-c5ccc(Cl)cc5Cl)cc4=O)cc31)CNCC2,0.25882352941176473,8.142668
COc1cc(Cl)ccc1-c1ccn(-c2ccc3c4c(n(C)c3c2)CCNC4)c(=O)c1,0.2826086956521739,8.154902
COc1ccc(-c2ccn(-c3ccc4c5c(n(C)c4c3)CCNC5)c(=O)c2)c(C)c1,0.25,8.119186
Cn1c2c(c3ccc(-n4ccc(-c5ccc(Cl)cc5)cc4=O)cc31)CCNC2,0.2875,7.958607
CN1CCc2c(n(C)c3cc(-n4ccc(-c5ccc(Cl)cc5)cc4=O)ccc23)C1,0.2911392405063291,8.251812
Cn1c2c(c3ccc(-n4ccc(-c5ccc(C(F)(F)F)cc5)cc4=O)cc31)CCNC2,0.27906976744186046,7.958607
COc1ccc(-c2ccn(-c3ccc4c5c(n(C)c4c3)CNCC5)c(=O)c2)cc1,0.26666666666666666,7.853872
CSc1ccc(-c2ccn(-c3ccc4c5c(n(C)c4c3)CNCC5)c(=O)c2)cc1,0.21794871794871795,8.075721
CN1CCc2c(n(C)c3cc(-n4ccc(-c5ccc(Cl)cc5Cl)cc4=O)ccc23)C1,0.2619047619047619,7.853872
COc1cc(Cl)ccc1-c1ccn(-c2ccc3c4c(n(C)c3c2)CNCC4)c(=O)c1,0.2826086956521739,7.769551
COc1ccc(-c2ccn(-c3ccc4c5c(n(C)c4c3)CNCC5)c(=O)c2)c(C)c1,0.25,7.853872
O=c1cc(-c2ccc(C(F)(F)F)cc2)ccn1-c1ccc2c(cnn2CCN2CCCC2)c1,0.38666666666666666,8.30103
Cn1c2c(c3ccc(-n4ccc(-c5ccc(Cl)cn5)cc4=O)cc31)CCNC2,0.31868131868131866,6.89279
CN1CCc2c(n(C)c3cc(-n4ccc(-c5ccc(F)cn5)cc4=O)ccc23)C1,0.2558139534883721,6.149967
O=c1cc(-c2ccc(Cl)cc2Cl)ccn1-c1ccc2c(cnn2CCN2CCCC2)c1,0.3815789473684211,8.468521
O=c1cc(-c2ccc(C(F)(F)F)cc2Cl)ccn1-c1ccc2c(cnn2CCN2CCCC2)c1,0.35802469135802467,8.236572
COc1cc(Cl)ccc1-c1ccn(-c2ccc3c(cnn3CCN3CCCC3)c2)c(=O)c1,0.375,7.721246
O=c1c2cc(-c3ccc(F)cc3)oc2ccn1-c1ccc2c(cnn2CCN2CCCC2)c1,0.35802469135802467,8.21467
Cc1cc(OC(F)(F)F)ccc1-c1ccn(-c2ccc3c(cnn3CCN3CCCC3)c2)c(=O)c1,0.3950617283950617,8.408935
O=c1c2cc(-c3ccc(Cl)cc3)oc2ccn1-c1ccc2c(cnn2CCN2CCCC2)c1,0.35802469135802467,8.283997
O=c1c2cc(-c3ccccc3Cl)oc2ccn1-c1ccc2c(cnn2CCN2CCCC2)c1,0.38271604938271603,7.552842
O=c1cc(-c2ccc(Cl)cc2F)ccn1-c1ccc2c(cnn2CCN2CCCC2)c1,0.3717948717948718,7.207608
Cn1c2c(c3ccc(-n4ccc(-c5ccccc5)cc4=O)cc31)CNCC2,0.28169014084507044,7.823909
O=c1c2cc(-c3cccc(Cl)c3)oc2ccn1-c1ccc2c(cnn2CCN2CCCC2)c1,0.3614457831325301,7.420216
O=c1c2cc(-c3ccc(Cl)cc3Cl)oc2ccn1-c1ccc2c(cnn2CCN2CCCC2)c1,0.34523809523809523,7.853872
CN1CCc2c(c3ccc(-n4ccc(-c5ccc(F)cc5)cc4=O)cc3n2C)C1,0.25609756097560976,8.107905
Cn1c2c(c3ccc(-n4ccc(-c5ccc(Cl)cc5)cc4=O)cc31)CNCC2,0.2875,8.568636
O=c1c2cc(-c3ccc(Cl)cc3F)oc2ccn1-c1ccc2c(cnn2CCN2CCCC2)c1,0.3372093023255814,8.376751
COc1cc(Cl)ccc1-c1cc2c(=O)n(-c3ccc4c(cnn4CCN4CCCC4)c3)ccc2o1,0.3409090909090909,7.318759
Cn1c2c(c3ccc(-n4ccc(-c5ccc(C(F)(F)F)cc5)cc4=O)cc31)CNCC2,0.27906976744186046,8.376751
COc1ccc(-c2ccn(-c3ccc4c5c(n(C)c4c3)CCNC5)c(=O)c2)cc1,0.26666666666666666,8.585027
O=c1c2cc(-c3ccccn3)oc2ccn1-c1ccc2c(cnn2CCN2CCCC2)c1,0.38271604938271603,7.229148
O=c1c2cc(-c3ncccn3)oc2ccn1-c1ccc2c(cnn2CCN2CCCC2)c1,0.379746835443038,5.774949
COc1ccc(CN2CCCC(CNC(=O)c3ccc(F)cc3)C2)c(C)c1C,0.3974358974358974,4.958607
COc1cccc(NC(=O)NCC(CCN2CCC(N3CCCCC3)CC2)c2ccc(Cl)c(Cl)c2)c1,0.3563218390804598,4.958607
O=C(NCC(CCN1CCC(N2CCCCC2)CC1)c1ccc(Cl)c(Cl)c1)Nc1cc(Cl)cc(Cl)c1,0.3218390804597701,6.869666
CN(C)C1CCN(c2ccc(NC(=O)c3ccc(-n4ccnc4)cc3)cc2)C1,0.29333333333333333,5.0
COc1ccc([C@H]2CN(CCc3ccc(OC)c(OC)c3)C[C@@H]2CNC(=O)c2cccc(Cl)c2)cc1,0.3333333333333333,6.780334
COc1ccc([C@H]2CN(CCc3ccc(OC)c(OC)c3)C[C@@H]2CC(=O)Nc2cccc(Cl)c2)cc1,0.3218390804597701,7.641998
COc1ccc([C@H]2CN(CCc3ccc(OC)c(OC)c3)C[C@@H]2CCNC(=O)c2cccc(Cl)c2)cc1,0.3409090909090909,7.113509
COc1ccc([C@H]2CN(CCc3ccc(OC)c(OC)c3)C[C@@H]2CCc2nc3ccc(Cl)cc3[nH]2)cc1,0.23469387755102042,7.0
COc1ccc([C@H]2CN(CCCC3CCOCC3)C[C@@H]2CC(=O)Nc2cccc(Cl)c2)cc1,0.32323232323232326,7.431798
COc1ccc([C@H]2CN(CCC3CCOCC3)C[C@@H]2CC(=O)Nc2cccc(Cl)c2)cc1,0.3103448275862069,7.677781
COc1ccc([C@H]2CN(CCC3CCS(=O)(=O)CC3)C[C@@H]2CC(=O)Nc2cccc(Cl)c2)cc1,0.30927835051546393,7.920819
COc1ccc([C@H]2CN(CCC3(O)CCOCC3)C[C@@H]2CC(=O)Nc2cccc(Cl)c2)cc1,0.2857142857142857,7.244125
COc1ccc([C@H]2CN(CCCN(C)S(C)(=O)=O)C[C@@H]2CC(=O)Nc2cccc(Cl)c2)cc1,0.3473684210526316,7.522879
COc1ccc([C@H]2CN(CCCN(C)S(=O)(=O)c3ccccc3)C[C@@H]2CC(=O)Nc2cccc(Cl)c2)cc1,0.3333333333333333,7.853872
COc1ccc([C@H]2CN(CCCN3CCCC3=O)C[C@@H]2CC(=O)Nc2cccc(Cl)c2)cc1,0.32989690721649484,7.337242
Nc1nc(NC[C@H]2CC[C@H](CNS(=O)(=O)c3cccc4ccccc34)CC2)nc2ccccc12,0.2077922077922078,5.455932
O=C(NCC(CCNC1CCCC1)c1ccc(-c2ccncc2)cc1)Nc1cc(Cl)cc(Cl)c1,0.3132530120481928,6.91364
CN(C)c1nc(NC2CCC(NCc3ccc(Br)cc3OC(F)(F)F)CC2)nc2ccccc12,0.24719101123595505,7.455932
Cn1c(CN2CCC(CNC(=O)Nc3ccccc3F)(c3ccc(-c4cccnc4)cc3)CC2)nc2ccccc21,0.38461538461538464,7.008774
CN1CCC(N(C)C(=O)CCCN(C)C(=O)c2ccc(-c3ccccc3)cc2)C1,0.328125,6.847712
CN(C)C1CCN(c2ccc(NC(=O)c3ccc(N4CCCCC4)nc3)cc2)C1,0.275,5.619789
CCN1CCN(c2ccc(C(=O)Nc3ccc(N4CCC(N(C)C)C4)cc3)cn2)CC1,0.27631578947368424,5.0
CN(C)C1CCN(c2ccc(NC(=O)NCCCc3ccccc3)cc2)C1,0.3287671232876712,7.366532
CN(C(=O)c1ccc(-c2ccc(C(F)(F)F)cc2)cc1)C1CCN(C(=O)N(C)C2CCN(CCS(=O)(=O)N3CCCC3)C2)C1,0.3977272727272727,7.086186
CN(C)C1CCN(c2ccc(NC(=O)c3ccc(-c4cccs4)cc3)cc2)C1,0.33783783783783783,7.468521
CN(C)C1CCN(c2ccc(NC(=O)CCCC(=O)c3ccc(Cl)cc3)cc2)C1,0.36,7.886057
O=C(NCC(CCN1CCC(N2CCCCC2)CC1)c1ccc(Cl)c(Cl)c1)Nc1ccc(F)c(F)c1,0.3548387096774194,6.619789
CN(C)C1CCN(c2ccc(NC(=O)c3ccc4c(c3)C(=O)c3ccccc3-4)cc2)C1,0.3291139240506329,5.0
O=C(NCC(CCN1CCC(N2CCCCC2)CC1)c1ccc(Cl)c(Cl)c1)Nc1cccc(C(F)(F)F)c1,0.31521739130434784,6.688246
CN(C)C1CCN(c2ccc(NC(=O)C3CCC(c4ccc(Cl)cc4)CC3)cc2)C1,0.2987012987012987,7.920819
CN(C)C1CCN(c2ccc(NC(=O)c3ccc(-c4ccccc4)nc3)cc2)C1,0.35135135135135137,6.958607
CN(C)c1nc(N[C@H]2CC[C@@H](NC(=O)c3cccc(Cl)c3)CC2)nc2ccccc12,0.34177215189873417,8.346787
CN(C)c1nc(N[C@H]2CC[C@@H](NS(=O)(=O)c3ccc(Br)cc3OC(F)(F)F)CC2)nc2ccccc12,0.22826086956521738,7.080922
Cc1cccc(NC(=O)NCC(CCN2CCC(N3CCCCC3)CC2)c2ccc(Cl)c(Cl)c2)c1,0.3218390804597701,5.167491
CN(C)C1CCN(c2ccc(NC(=O)C3CCC(c4ccccc4)CC3)cc2)C1,0.32941176470588235,7.853872
Cc1cccc(C(=O)N[C@H]2CC[C@@H](Nc3nc(N(C)C)c4ccccc4n3)CC2)c1,0.3055555555555556,8.337242
O=C(NCC1(c2ccc(-c3cccnc3)cc2)CCN(S(=O)(=O)c2ccccc2)CC1)Nc1ccccc1F,0.3950617283950617,6.337242
CN(C)c1nc(N[C@H]2CC[C@@H](NC(=O)c3cccc(C#N)c3)CC2)nc2ccccc12,0.30666666666666664,8.0
CN(C)c1nc(NC2CCC(NC(=O)c3ccc(Br)cc3OC(F)(F)F)CC2)nc2ccccc12,0.25301204819277107,6.79588
CN(C)c1nc(N[C@H]2CC[C@@H](CNS(=O)(=O)c3ccc(Br)cc3OC(F)(F)F)CC2)nc2ccccc12,0.22916666666666666,6.853872
CN(C)c1nc(NC2CCN(C(=O)c3ccc(Br)cc3OC(F)(F)F)CC2)nc2ccccc12,0.26804123711340205,5.920819
CN(C)c1nc(N[C@H]2CC[C@@H](NC(=O)c3cccc([N+](=O)[O-])c3)CC2)nc2ccccc12,0.2857142857142857,8.167491
CN(C)c1nc(NC2CCC(CNC(=O)c3ccc(Br)cc3OC(F)(F)F)CC2)nc2ccccc12,0.25555555555555554,7.102373
CN(C)c1nc(NC2CCC(CNCc3ccc(Br)cc3OC(F)(F)F)CC2)nc2ccccc12,0.23655913978494625,8.309804
COc1ccc(-c2ccc(C(=O)N(C)C3CCN(C(=O)N(C)C4CCN(C5CCC(C)(C)CC5)C4)C3)cc2)nn1,0.3695652173913043,5.981716
CN(C)c1nc(N[C@H]2CC[C@@H](NC(=O)c3cccc(C(F)(F)F)c3)CC2)nc2ccccc12,0.3333333333333333,7.823909
CN(C)c1nc(NCC2CCC(CN(C)S(=O)(=O)c3ccc(Br)cc3OC(F)(F)F)CC2)nc2ccccc12,0.23529411764705882,5.236572
CN(C)c1nc(N[C@H]2CC[C@@H](NC(=O)c3ccc(F)c(F)c3)CC2)nc2ccccc12,0.3013698630136986,8.275245
CN(Cc1ccc(Br)cc1OC(F)(F)F)CC1CCC(CNc2nc(N(C)C)c3ccccc3n2)CC1,0.22340425531914893,5.251812
CC(CC(C)(C)C)Oc1cccc2ccc(N3CCCCC3)nc12,0.3508771929824561,5.69897
CC(CC(C)(C)C)Oc1cccc2ccc(NCC3CC3)nc12,0.3389830508474576,5.69897
CC(CC(C)(C)C)Oc1cccc2ccc(NCc3ccc(-c4ccccc4Cl)o3)nc12,0.28169014084507044,7.221849
CC(CC(C)(C)C)Oc1cccc2ccc(N(C)C)nc12,0.38461538461538464,5.69897
C[C@H]1c2c([nH]c3ccc(C(F)(F)F)cc23)C[C@H]2CCN(CCN3CCOCC3)C[C@@H]21,0.2631578947368421,8.522879
C[C@H]1c2c([nH]c3ccc(C(F)(F)F)cc23)C[C@H]2CCN(CCN3CCCCC3)C[C@@H]21,0.24444444444444444,7.39794
C[C@H]1c2c([nH]c3ccc(C(F)(F)F)cc23)C[C@H]2CCN(CCC3CCOCC3)C[C@@H]21,0.27184466019417475,9.045757
C[C@H]1c2c([nH]c3ccc(C(F)(F)F)cc23)C[C@H]2CCN(CCCC3CCOCC3)C[C@@H]21,0.2523364485981308,9.30103
C[C@H]1c2c([nH]c3ccc(C(F)(F)F)cc23)C[C@H]2CCN(CCCCC3CCOCC3)C[C@@H]21,0.25,8.356547
Nc1nc(NCC2CCC(CNS(=O)(=O)c3ccc(Br)cc3OC(F)(F)F)CC2)nc2ccccc12,0.23469387755102042,5.721246
CN(C)c1nc(NCC2CCC(CNS(=O)(=O)c3ccc(Br)cc3OC(F)(F)F)CC2)nc2ccccc12,0.22772277227722773,6.747425
CCCCS(=O)(=O)NCC1CCC(CNc2nc(N(C)C)c3ccccc3n2)CC1,0.20430107526881722,5.537602
CN(C)c1nc(NC2CCC(NS(=O)(=O)c3ccc(Br)cc3OC(F)(F)F)CC2)nc2ccccc12,0.22826086956521738,5.657577
CN(C)c1nc(NCC2CCC(NS(=O)(=O)c3ccc(Br)cc3OC(F)(F)F)CC2)nc2ccccc12,0.2553191489361702,6.091515
CCCCCCCCS(=O)(=O)NCC1CCC(CNc2nc(N(C)C)c3ccccc3n2)CC1,0.2,5.173925
CN(C)c1nc(NCC2CCN(S(=O)(=O)c3ccc(Br)cc3OC(F)(F)F)CC2)nc2ccccc12,0.25,5.221849
Cc1cc(N(C)CCN(C)C)nc2ccc(NC(=O)COc3ccc(Cl)cc3Cl)cc12,0.3855421686746988,8.12801
CN(C)c1nc(NC2CCC(CNS(=O)(=O)c3ccc(Br)cc3OC(F)(F)F)CC2)nc2ccccc12,0.22916666666666666,5.823909
Cc1cc(OCCN(C)C)nc2ccc(NC(=O)COc3ccc(Cl)cc3Cl)cc12,0.3855421686746988,6.907654
Cc1cc2cc(NC(=O)/C=C/c3ccc(OC(F)(F)F)cc3)ccc2nc1N(C)CCN(C)C,0.38095238095238093,6.466744
CN(C)c1nc(NCC2CCC(CNS(C)(=O)=O)CC2)nc2ccccc12,0.2191780821917808,5.0
O=S(=O)(NC1CCC(Nc2ncc3ccccc3n2)CC1)c1ccc(Br)cc1OC(F)(F)F,0.22727272727272727,7.080922
O=S(=O)(NCC1CCC(Nc2ncc3ccccc3n2)CC1)c1ccc(Br)cc1OC(F)(F)F,0.22826086956521738,6.853872
O=c1cc(NC2CCN(Cc3ccc4ocnc4c3)CC2)c2cc(Cl)ccc2o1,0.3950617283950617,8.522879
Cc1cc(N(C)CCN(C)C)nc2ccc(N(C)C(=O)/C=C/c3ccc(OC(F)(F)F)cc3)cc12,0.3448275862068966,6.242082
CC(=O)OCCN(C)c1cc(C)c2cc(NC(=O)COc3ccc(Cl)cc3Cl)ccc2n1,0.367816091954023,8.087937
COc1ccc(CN2CCC(Nc3[nH]nc4ccc(Cl)cc34)CC2)c(F)c1,0.3246753246753247,6.619789
CN(C)CCN(C)c1ccc2cc(NC(=O)/C=C/c3ccc(OC(F)(F)F)cc3)ccc2n1,0.35714285714285715,7.148526
Cc1cc(N(C)CCO)nc2ccc(NC(=O)COc3ccc(Cl)cc3Cl)cc12,0.3855421686746988,8.022156
Cc1ccc(CN2CCC(Nc3[nH]nc4ccc(Cl)cc34)CC2)cc1C,0.3375,7.0
Clc1ccc2[nH]nc(NC3CCN(Cc4ccc5nsnc5c4)CC3)c2c1,0.37037037037037035,7.30103
Clc1ccc2[nH]nc(NC3CCN(Cc4ccccc4)CC3)c2c1,0.375,6.070581
O=c1cc(NC2CCN(Cc3ccc4cc[nH]c4c3)CC2)c2cc(Cl)ccc2o1,0.3950617283950617,7.619789
Cc1nc(N2CCC(O)(C3CC3)CC2)nc2ccc(NC(=O)/C=C/c3ccc(N4CCCC4)cc3)cc12,0.3977272727272727,5.744727
Cc1nc(N2CCC(O)(c3ccccc3)CC2)nc2ccc(NC(=O)/C=C/c3ccc(Cl)cc3)cc12,0.375,5.960586
Cc1nc(N2CCC(O)(C3CCC3)CC2)nc2ccc(NC(=O)/C=C/c3ccc(Cl)cc3)cc12,0.3977272727272727,6.686133
Cc1nc(N2CCC(O)(C(C)C)CC2)nc2ccc(NC(=O)/C=C/c3ccc(Cl)cc3)cc12,0.3793103448275862,6.767004
CCCC1(O)CCN(c2nc(C)c3cc(NC(=O)/C=C/c4ccc(Cl)cc4)ccc3n2)CC1,0.38636363636363635,6.610834
CCC1(O)CCN(c2nc(C)c3cc(NC(=O)/C=C/c4ccc(Cl)cc4)ccc3n2)CC1,0.3953488372093023,6.568636
Cc1nc(N2CCC(O)(CCO)CC2)nc2ccc(NC(=O)/C=C/c3ccc(Cl)cc3)cc12,0.38636363636363635,6.657577
COCCC1(O)CCN(c2nc(C)c3cc(NC(=O)/C=C/c4ccc(Cl)cc4)ccc3n2)CC1,0.3888888888888889,6.610834
Cc1nc(N(C)C2CCCC2)nc2ccc(NC(=O)/C=C/c3ccc(Cl)cc3)cc12,0.30337078651685395,6.399027
Cc1nc(N(CCO)C2CCCC2)nc2ccc(NC(=O)/C=C/c3ccc(Cl)cc3)cc12,0.3010752688172043,6.070581
Cc1nc(NCCO)nc2ccc(NC(=O)/C=C/c3ccc(Cl)cc3)cc12,0.28735632183908044,6.255707
Cc1nc(N2CCC(N3CCCC3=O)CC2)nc2ccc(NC(=O)/C=C/c3ccc(Cl)cc3)cc12,0.3978494623655914,7.130768
C/C(=C\C(=O)Nc1ccc2nc(N3CCC(N4CCCC4=O)CC3)nc(C)c2c1)c1ccc(Cl)cc1,0.39361702127659576,7.091515
Cc1cc(N(C)CCN(C)C)nc2ccc(NC(=O)/C=C/c3ccccc3Cl)cc12,0.2840909090909091,5.595166
Cc1ccc(/C=C/C(=O)Nc2ccc3nc(N(C)CCN(C)C)cc(C)c3c2)cc1,0.29411764705882354,7.136294
Cc1cc(N(C)CCN(C)C)nc2ccc(NC(=O)c3ccc(-c4ccc(C(F)(F)F)cc4)cc3)cc12,0.3972602739726027,7.17496
C[C@H]1c2c([nH]c3ccc(C(F)(F)F)cc23)C[C@H]2CCN(CCCC3(C(=O)O)CCOCC3)C[C@@H]21,0.2641509433962264,7.39794
Cc1cc(N(C)CCN(C)C)nc2ccc(NC(=O)CCc3ccccc3)cc12,0.36585365853658536,5.0
Cc1cc(N(C)CCN(C)C)nc2ccc(NC(=O)C3CCC(c4ccc(Cl)cc4)CC3)cc12,0.3076923076923077,6.805846
Cc1cc(N(C)CCN(C)C)nc2ccc(NC(=O)CNc3ccc(Cl)cc3Cl)cc12,0.3103448275862069,6.90309
Cc1cc(N(C)CCN(C)C)nc2ccc(NC(=O)/C=C/c3ccccc3)cc12,0.2976190476190476,5.156767
C/C(=C\c1ccccc1)C(=O)Nc1ccc2nc(N(C)CCN(C)C)cc(C)c2c1,0.29411764705882354,5.024109
Cc1cc(N(C)CCN(C)C)nc2ccc(NC(=O)Cc3ccc(-c4ccccc4)cc3)cc12,0.35135135135135137,5.484126
Cc1oc(-c2ccccc2)nc1CC(=O)Nc1ccc2nc(N(C)CCN(C)C)cc(C)c2c1,0.3181818181818182,6.245652
O=c1nc(NC2CCN(Cc3ccc4ccccc4c3)CC2)c2cc(Cl)ccc2n1CC(F)(F)F,0.38961038961038963,8.30103
Cc1cc(N(C)CCN(C)C)nc2ccc(NC(=O)NCc3ccc(Br)cc3)cc12,0.3157894736842105,6.567031
Cc1cc(N(C)CCN(C)C)nc2ccc(NC(=O)c3cc4ccccc4s3)cc12,0.3076923076923077,5.677781
Cc1c(NC(=O)c2ccc(OCCC3CC3)cc2)ccc2cc(CN3CCCC3)cnc12,0.38823529411764707,8.886057
Cc1c(NC(=O)c2ccc(OCC(C)C)cc2)ccc2cc(CN3CCCC3)cnc12,0.37349397590361444,8.356547
Cc1c(NC(=O)c2ccc(OCC3CC3)cc2)ccc2cc(CN3CCCC3C)cnc12,0.35294117647058826,8.60206
Cc1c(NC(=O)c2ccc(OCC3CC3)cc2)ccc2cc([C@H](C)N3CCCC3)cnc12,0.3411764705882353,8.468521
Cc1c(NC(=O)c2ccc(OCC3CC3)cc2)ccc2cc([C@@H](C)N3CCCC3)cnc12,0.3411764705882353,8.958607
Cc1c(NC(=O)c2ccc(OCC3CC3)cc2)ccc2cc(C(C)N3CCCCC3)cnc12,0.35294117647058826,8.619789
Cc1c(NC(=O)c2ccc(OCC3CC3)cc2)ccc2cc(C(C)N3CCCCCC3)cnc12,0.35294117647058826,8.69897
Cc1c(NC(=O)c2ccc(OCC3CC3)cc2)ccc2cc(C(C)N3CCN(C)CC3)cnc12,0.3258426966292135,7.920819
Cc1c(NC(=O)c2ccc(OCC3CC3)cc2)ccc2cc(C(C)N3CC[C@H](O)C3)cnc12,0.3191489361702128,8.259637
Cc1c(NC(=O)c2ccc(OCC3CC3)cc2)ccc2cc(C(C)NCCO)cnc12,0.3372093023255814,8.420216
Cc1c(NC(=O)c2ccc(OCC3CC3)cc2)ccc2cc(C(C)NCC(C)(C)O)cnc12,0.32954545454545453,8.823909
CC(=O)NCCNC(C)c1cnc2c(C)c(NC(=O)c3ccc(OCC4CC4)cc3)ccc2c1,0.32222222222222224,8.721246
CC(=O)NCCN[C@@H](C)c1cnc2c(C)c(NC(=O)c3ccc(OCC4CC4)cc3)ccc2c1,0.32222222222222224,8.275724
CC(=O)NCCN[C@H](C)c1cnc2c(C)c(NC(=O)c3ccc(OCC4CC4)cc3)ccc2c1,0.32222222222222224,8.823909
Cc1c(NC(=O)c2ccc(OCC3CC3)cc2)ccc2cc(C(C)(C)N3CCCC3)cnc12,0.34523809523809523,8.107905
Cc1cc(-c2ccc3c(=O)c(-c4ccc(N5CCC(N(C)C)C5)nc4)coc3c2)ccc1Cl,0.2653061224489796,8.0
CN[C@@H]1CCN(C(=O)N2CC[C@H](N(C)C(=O)c3ccc(-c4ccc(C(F)(F)F)cc4)cc3)C2)C1,0.38271604938271603,7.272875
CN(C)C1CCN(c2ccc(-c3coc4cc(-c5ccccc5)ccc4c3=O)cn2)C1,0.2621359223300971,8.387216
Cc1ccc(CN[C@@H]2CCN(C(=O)N3CC[C@H](N(C)C(=O)c4ccc(-c5ccc(C(F)(F)F)cc5)cc4)C3)C2)o1,0.3191489361702128,6.959299
CN(C)C1CCN(c2ccc(-c3cn(C)c4cc(-c5ccc(Cl)cc5)ccc4c3=O)cn2)C1,0.32222222222222224,7.619789
COc1ccc(-c2ccc3c(=O)c(-c4ccc(N5CCC(N(C)C)C5)nc4)coc3c2)c(OC)c1,0.31313131313131315,7.79588
CN(C)C1CCN(c2ccc(-c3coc4cc(-c5ccc(Cl)cc5)ccc4c3=O)cn2)C1,0.3076923076923077,8.677781
CC(=O)N1CCC(N(C)[C@@H]2CCN(C(=O)N3CC[C@H](N(C)C(=O)c4ccc(-c5ccc(C(F)(F)F)cc5)cc4)C3)C2)CC1,0.36585365853658536,7.480763
CN(C)C1CCN(c2ccc(-c3coc4cc(Oc5ccc(Cl)cc5)ccc4c3=O)cn2)C1,0.29473684210526313,7.552842
CN(C)C1CCN(c2ccc(-c3coc4cc(-c5ccc(Cl)cc5Cl)ccc4c3=O)cn2)C1,0.28125,7.853872
CN(C(=O)c1ccc(-c2ccc(C(F)(F)F)cc2)cc1)[C@H]1CCN(C(=O)N2CC[C@@H](NCCCc3ccccc3)C2)C1,0.3404255319148936,8.005008
COc1cncc(-c2ccc(C(=O)N(C)[C@H]3CCN(C(=O)N4CC[C@H](NCCCc5ccccc5)C4)C3)cc2)c1,0.39759036144578314,6.0
COc1cc(NC(=O)c2ccc(C3CCCCC3)cc2)ccc1OCCN(C(C)C)C(C)C,0.3783783783783784,7.59998
CN(C(=O)c1ccc(-c2ccc(C(F)(F)F)cc2)cc1)[C@H]1CCN(C(=O)N2CC[C@@H](NCC3CCC3)C2)C1,0.3522727272727273,7.96933
COc1cc(NC(=O)c2ccc(C3CCCCC3)cc2)ccc1OC12CCCN(CC1)C2,0.3125,7.299989
CCN1CCN(Oc2ccc(NC(=O)c3ccc(C4CCCCC4)cc3)cc2OC)CC1,0.35064935064935066,7.100015
CN(C(=O)c1ccc(-c2ccc(F)cc2)cc1)[C@H]1CCN(C(=O)N2CC[C@H](NCCCc3ccccc3)C2)C1,0.3875,7.725633
COc1ccc(-c2ccc3c(=O)c(-c4ccc(N5CCC(N(C)C)C5)nc4)coc3c2)cc1,0.3225806451612903,9.221849
CN(C(=O)c1ccc(-c2cncnc2)cc1)[C@H]1CCN(C(=O)N2CC[C@H](NCCCc3ccccc3)C2)C1,0.3333333333333333,5.319379
CN(C(=O)c1ccc(-c2ccc(C(F)(F)F)cc2)cc1)[C@H]1CCN(C(=O)N2CC[C@@H](N(C)C3CCOCC3)C2)C1,0.35714285714285715,7.291199
COc1ccc(-c2ccc(C(=O)N(C)[C@H]3CCN(C(=O)N4CC[C@H](NCCCc5ccccc5)C4)C3)cc2)cn1,0.3614457831325301,7.358282
CSc1ccc(-c2ccc(C(=O)N(C)[C@H]3CCN(C(=O)N4CC[C@H](NCCCc5ccccc5)C4)C3)cc2)cc1,0.33663366336633666,8.408964
COC(=O)c1ccc(-c2ccc(C(=O)N(C)[C@H]3CCN(C(=O)N4CC[C@H](NCCCc5ccccc5)C4)C3)cc2)cc1,0.3717948717948718,7.133342
COc1cc(N(C)C(=O)c2ccc(C3CCCCC3)cc2)ccc1OCCN(C(C)C)C(C)C,0.391304347826087,7.0
CN(C)C1CCN(c2ccc(-c3coc4cc(C5=CCC6OCCOC6C5)ccc4c3=O)cn2)C1,0.24528301886792453,8.267606
CN(C(=O)c1ccc(-c2cccnc2)cc1)[C@H]1CCN(C(=O)N2CC[C@H](NCCCc3ccccc3)C2)C1,0.367816091954023,6.398968
CN(C)C1CCN(c2ccc(-c3coc4cc(-c5ccc(C(F)(F)F)cc5)ccc4c3=O)cn2)C1,0.32608695652173914,8.0
CN(C)C1CCN(c2ccc(-c3coc4cc(Oc5ccccc5)ccc4c3=O)cn2)C1,0.2653061224489796,8.142668
CN(C)C1CCN(c2ccc(-c3coc4cc(Oc5ccc(F)cc5)ccc4c3=O)cn2)C1,0.26804123711340205,7.886057
CN(C(=O)c1ccc(-c2ccc(C(F)(F)F)cc2)cc1)[C@H]1CCN(C(=O)N2CC[C@H](NCCCc3ccccc3)C2)C1,0.3404255319148936,7.959398
CN(C(=O)c1ccc(-c2ccc(C(F)(F)F)cc2)cc1)[C@H]1CCN(C(=O)N2CC[C@@H](NCCn3cccc3)C2)C1,0.34065934065934067,7.398974
CN(C)[C@H]1CCN(c2ccc(-c3coc4cc(-c5ccc(Cl)cc5)ccc4c3=O)cn2)C1,0.3076923076923077,8.853872
COc1ccncc1-c1ccc2c(=O)c(-c3ccc(N4CCC(N(C)C)C4)nc3)coc2c1,0.2549019607843137,7.744727
CN(C)C1CCN(c2ccc(-c3coc4cc(-c5ccc6c(c5)OCO6)ccc4c3=O)cn2)C1,0.3229166666666667,8.327902
CCCc1cc(N)c2cc(NC(=O)/C=C/c3ccc(OC(C)=O)cc3)ccc2n1,0.2808988764044944,7.022276
CCc1ccc(-c2ccc(C(=O)N(C)[C@H]3CCN(C(=O)N4CC[C@@H](N[C@@H](C)COC)C4)C3)cc2)cc1,0.3595505617977528,7.876923
CN(CCC(C)(C)c1ccc(Cl)cc1)[C@@H]1CCN(C(=O)N2CC[C@H](N(C)C(=O)c3ccc(-c4ccc(C(F)(F)F)cc4)cc3)C2)C1,0.35294117647058826,7.847002
CCc1ccc(-c2ccc(C(=O)N(C)[C@H]3CCN(C(=O)N4CC[C@@H](NC5CCOCC5)C4)C3)cc2)cc1,0.3493975903614458,8.300509
Cc1cc(Cl)ccc1-c1ccc2c(=O)c(-c3ccc(N4CCC(N(C)C)C4)nc3)coc2c1,0.2857142857142857,8.148742
Cc1ccc(Oc2ccc3c(=O)c(-c4ccc(N5CCC(N(C)C)C5)nc4)coc3c2)cc1,0.2872340425531915,7.721246
CCc1ccc(-c2ccc(C(=O)N(C)[C@H]3CCN(C(=O)N4CC[C@@H](NC(C)C)C4)C3)cc2)cc1,0.36904761904761907,7.979304
CN(C)C1CCN(c2ccc(-c3coc4cc(Oc5ccc6c(c5)CCO6)ccc4c3=O)cn2)C1,0.2761904761904762,7.107905
CN(C(=O)c1ccc(-c2ccc(C(F)(F)F)cc2)cc1)[C@H]1CCN(C(=O)N2CC[C@@H](NCc3ccccn3)C2)C1,0.36470588235294116,6.742364
CCN(CC)Cc1ccc2c(c1)CC[C@H](N1CCN(CCc3cccc(C(F)(F)F)c3)CC1=O)C2,0.2815533980582524,7.031517
CCCc1cc(N)c2cc(NC(=O)/C=C/c3ccc(N)cc3)ccc2n1,0.2558139534883721,6.721246
CCc1ccc(-c2ccc(C(=O)N(C)[C@H]3CCN(C(=O)N4CC[C@@H](N(C)C5CCOCC5)C4)C3)s2)cc1,0.39080459770114945,8.56143
CCc1ccc(-c2ccc(C(=O)N(C)[C@H]3CCN(C(=O)N4CC[C@@H](NC5CCC(C)(C)CC5)C4)C3)s2)cc1,0.37362637362637363,9.177436
COc1cc(N(C)C(=O)c2cccc(Oc3ccccc3)c2)ccc1OCCN(C(C)C)C(C)C,0.3918918918918919,6.399997
CCN(CC)Cc1ccc2c(c1)CC[C@H](N1CCN(CCc3ccc(F)cc3)CC1=O)C2,0.345679012345679,8.115596
CN(C(=O)c1ccc(-c2ccc(C(F)(F)F)cc2)o1)[C@H]1CCN(C(=O)N2CC[C@@H](NC3CCC(C)(C)CC3)C2)C1,0.3191489361702128,5.421849
CCc1ccc(-c2ccc(C(=O)N(C)[C@H]3CCN(C(=O)N4CC[C@@H](N)C4)C3)cc2)cc1,0.37037037037037035,7.722392
CCCc1cc(N)c2cc(NC(=O)/C=C/c3cccc(Cl)c3)ccc2n1,0.24175824175824176,5.958607
CCCc1cc(N)c2cc(NC(=O)C3CCC(c4ccc(Cl)cc4)CC3)ccc2n1,0.30337078651685395,8.356547
CCCc1cc(N)c2cc(NC(=O)c3ccc(C(F)(F)F)cc3)ccc2n1,0.3561643835616438,5.0
CN(C(=O)c1ccc(-c2ccc(C(N)=O)cc2)cc1)[C@H]1CCN(C(=O)N2CC[C@H](NCCCc3ccccc3)C2)C1,0.34177215189873417,6.200329
CCCc1cc(N)c2cc(NC(=O)/C=C/c3ccc(Cl)cc3)ccc2n1,0.25,8.221849
CN(C(=O)c1ccc(-c2ccc(C(F)(F)F)cc2)s1)[C@H]1CCN(C(=O)N2CC[C@@H](NC3CCC(C)(C)CC3)C2)C1,0.37777777777777777,8.415903
CCCc1cc(N)c2cc(NC(=O)/C=C/c3ccc(-c4ccccc4)cc3)ccc2n1,0.27848101265822783,8.958607
CCCc1cc(N)c2cc(NC(=O)/C=C/c3ccc(Cl)c(Cl)c3)ccc2n1,0.24444444444444444,7.221849
CCCc1cc(N)c2cc(NC(=O)c3ccc(-c4ccc(C(F)(F)F)cc4)cc3)ccc2n1,0.34210526315789475,8.346787
CCc1ccc(-c2ccc(C(=O)N(C)[C@H]3CCN(C(=O)N4CC[C@@H](NCC5CCOCC5)C4)C3)s2)cc1,0.3763440860215054,8.098463
CCc1ccc(-c2ccc(C(=O)N(C)[C@H]3CCN(C(=O)N4CC[C@@H](NCCO)C4)C3)cc2)cc1,0.3448275862068966,7.497444
CN(C(=O)c1ccc(-c2ccc(C(F)(F)F)cc2)cc1)[C@H]1CCN(C(=O)N2CC[C@@H](NCCCC3CCCCC3)C2)C1,0.33695652173913043,7.672529
CCCc1cc(N)c2cc(NC(=O)/C=C/c3ccc(O)cc3)ccc2n1,0.25287356321839083,5.958607
CN(C(=O)c1ccc(-c2ccc(C(F)(F)F)cc2)cc1)[C@H]1CCN(C(=O)N2CC[C@H](NCCC(C)(C)c3ccc(Cl)cc3)C2)C1,0.32710280373831774,7.657577
CC(=O)N1CCC(N[C@@H]2CCN(C(=O)N3CC[C@H](N(C)C(=O)c4ccc(-c5ccc(C(F)(F)F)cc5)cc4)C3)C2)CC1,0.3488372093023256,7.678921
CN(CC(=O)N(C)C)Cc1cnc2c(Cn3cnc4cc(-c5ccc(Cl)cc5)sc4c3=O)cccc2c1,0.3723404255319149,6.866461
CCCc1cc(N)c2cc(NC(=O)/C=C/c3ccc(C(C)C)cc3)ccc2n1,0.24444444444444444,8.537602
CCc1ccc(-c2ccc(C(=O)N(C)[C@H]3CCN(C(=O)N4CC[C@@H](N[C@@H](C)C(C)C)C4)C3)cc2)cc1,0.36046511627906974,8.398974
CC1CCC(N[C@@H]2CCN(C(=O)N3CC[C@H](N(C)C(=O)c4ccc(-c5ccc(C(F)(F)F)cc5)cc4)C3)C2)CC1,0.3448275862068966,7.883071
CCc1ccc(-c2ccc(C(=O)N(C)[C@H]3CCN(C(=O)N4CC[C@@H](N5CCOCC5)C4)C3)cc2)cc1,0.39285714285714285,7.180561
CC(C)CN(C)[C@@H]1CCN(C(=O)N2CC[C@H](N(C)C(=O)c3ccc(-c4ccc(C(F)(F)F)cc4)cc3)C2)C1,0.3902439024390244,7.420102
CCCc1cc(N)c2cc(NC(=O)CCc3ccccc3)ccc2n1,0.3684210526315789,5.080922
CCCc1cc(N)c2cc(NC(=O)/C=C/c3ccc(C(C)(C)C)cc3)ccc2n1,0.25842696629213485,7.657577
CCCc1cc(N)c2cc(NC(=O)NCc3ccc(C(F)(F)F)cc3)ccc2n1,0.3684210526315789,7.420216
CCCc1cc(NC2CC2)c2cc(NC(=O)/C=C/c3ccc(C(F)(F)F)cc3)ccc2n1,0.3409090909090909,7.39794
CCc1cc(N)c2cc(NC(=O)/C=C/c3ccc(C(F)(F)F)cc3)ccc2n1,0.3246753246753247,8.920819
CCCc1cc(N)c2cc(NC(=O)/C=C/c3ccccc3Cl)ccc2n1,0.25555555555555554,6.920819
CCCc1cc(N)c2cc(NCCCc3ccc(C(F)(F)F)cc3)ccc2n1,0.32,6.744727
CCCCCc1cc(N)c2cc(NC(=O)/C=C/c3ccc(C(F)(F)F)cc3)ccc2n1,0.32098765432098764,8.920819
O=C(NCc1ccc(F)c(F)c1)[C@H]1[C@@H]2CN(Cc3ccc4ccccc4c3)C[C@@H]21,0.391304347826087,7.39794
CCCc1cc(N)c2cc(NC(=O)/C=C/c3ccc(I)cc3)ccc2n1,0.25,8.638272
Cc1ccc(Nc2ccc(C(=O)NCCN3CCCC3)cc2NC(=O)CCc2ccccc2)cc1C,0.3614457831325301,6.0
CC(C)c1cc(N)c2cc(NC(=O)/C=C/c3ccc(C(F)(F)F)cc3)ccc2n1,0.3076923076923077,8.677781
CCCc1cc(N)c2cc(NC(=O)/C=C/c3ccc(CC)cc3)ccc2n1,0.26436781609195403,8.853872
O=C(NCc1ccc(F)c(F)c1)[C@@H]1[C@@H]2CN(Cc3ccc4ccccc4c3)C[C@@H]21,0.391304347826087,4.0
Nc1cc(-c2ccccc2)nc2ccc(NC(=O)/C=C/c3ccc(C(F)(F)F)cc3)cc12,0.313953488372093,7.732828
CCCc1cc(NCC)c2cc(NC(=O)/C=C/c3ccc(C(F)(F)F)cc3)ccc2n1,0.325,8.318759
CCCc1cc(NC)c2cc(NC(=O)/C=C/c3ccc(C(F)(F)F)cc3)ccc2n1,0.325,8.823909
CCc1ccc(-c2ccc(C(=O)N(C)[C@H]3CCN(C(=O)N4CC[C@@H](NC5CCOCC5)C4)C3)s2)cc1,0.37362637362637363,8.649475
CCCc1ccc(/C=C/C(=O)Nc2ccc3nc(CCC)cc(N)c3c2)cc1,0.26582278481012656,8.39794
CCCc1cc(NC2CCC2)c2cc(NC(=O)/C=C/c3ccc(C(F)(F)F)cc3)ccc2n1,0.3333333333333333,7.744727
CCCc1cc(OC)c2cc(NC(=O)/C=C/c3ccc(C(F)(F)F)cc3)ccc2n1,0.32098765432098764,7.585027
CCCc1cc(N)c2cc(C(=O)NCCc3ccc(C(F)(F)F)cc3)ccc2n1,0.36363636363636365,5.568636
CCCc1cc(N(C)C)c2cc(NC(=O)/C=C/c3ccc(C(F)(F)F)cc3)ccc2n1,0.32098765432098764,7.366532
CN(C)Cc1ccc(CCN2CCn3nc(C(=O)Nc4ccc(F)cc4)cc3C2=O)cc1,0.38235294117647056,7.086186
CCCc1cc(N)c2cc(NC(=O)/C=C/c3ccc(Cl)cc3Cl)ccc2n1,0.24719101123595505,8.180456
O=C1CN(CCc2ccccc2)CCN1CCc1ccc(CN2CCCCC2)cc1,0.3559322033898305,7.828789
CCCc1cc(N)c2cc(NC(=O)/C=C/c3ccc(Br)cc3)ccc2n1,0.2597402597402597,8.39794
COc1cc(NC(=O)c2ccc(C3CCCCC3)cc2)ccc1OC1CCN(C)C1,0.34210526315789475,7.199971
CCN(CC)Cc1ccc2c(c1)CC[C@H](N1CCN(CCc3ccccc3C(F)(F)F)CC1=O)C2,0.2978723404255319,6.427128
CCN(CC)Cc1ccc2c(c1)CC[C@H](N1CCN(CCc3ccccc3)CC1=O)C2,0.2976190476190476,7.79588
CCN(CC)Cc1ccc2c(c1)CC[C@H](N1CCN(CCc3cccc(F)c3)CC1=O)C2,0.3163265306122449,8.0
CCN(CC)Cc1ccc2c(c1)CC[C@H](N1CCN(CCc3cccc(Cl)c3)CC1=O)C2,0.29347826086956524,7.721246
CCN(CC)Cc1ccc2c(c1)CC[C@H](N1CCN(CCc3ccccc3Cl)CC1=O)C2,0.3076923076923077,6.712198
Cc1ccc(CN2CCC(NC(=O)N(CC(=O)C(C)(C)O)Cc3ccc(-c4cccc(C#N)c4)cc3)CC2)cc1,0.35555555555555557,5.19509
CCC(CO)(CO)NC(=O)N(CCC1CCN(Cc2ccc(C)cc2)CC1)Cc1ccc(-c2ccc(F)cc2)cc1,0.3875,6.825912
Cc1ccc(CN2CCC(CCN(Cc3ccc(-c4ccc(F)cc4)cc3)C(=O)NC(C)(C)CO)CC2)cc1,0.3974358974358974,7.015
COc1ccc(-c2ccc(CN(CCC3CCN(Cc4ccc(C)cc4)CC3)C(=O)NC(C)C)cc2)cc1,0.35526315789473684,6.561921
COc1ccccc1-c1ccc(CN(CCC2CCN(Cc3ccc(C)cc3)CC2)C(=O)NC(C)C)cc1,0.3333333333333333,6.0
Cc1ccc(CN2CCC(CCN(Cc3ccc(-c4cccc(C#N)c4)cc3)C(=O)NC(C)C)CC2)cc1,0.3469387755102041,6.291642
CC(=O)OCC(C)(C)NC(=O)N(CCC1CCN(Cc2ccc(C)cc2)CC1)Cc1ccc(-c2ccc(F)cc2)cc1,0.3902439024390244,6.375357
CCC(CO)(CO)NC(=O)N(CCC1CCN(Cc2ccc(C)cc2)CC1)Cc1ccc(-c2ccccc2)cc1,0.32894736842105265,6.760977
CC(=O)OCC(C)(C)NC(=O)N(CCC1CCN(Cc2ccc(C)cc2)CC1)Cc1ccc(-c2cccc(C#N)c2)cc1,0.3238095238095238,6.595081
CC(=O)OCC(C)(C)NC(=O)N(CCC1CCN(Cc2ccc(C)cc2)CC1)Cc1ccc(-c2ccccc2)cc1,0.31645569620253167,6.021826
CCC(CO)(CO)NC(=O)N(CCC1CCN(Cc2ccc(C)cc2)CC1)Cc1ccc(-c2ccc(OC)cc2)cc1,0.35443037974683544,6.842338
CCC(COC(C)=O)(COC(C)=O)NC(=O)N(CCC1CCN(Cc2ccc(C)cc2)CC1)Cc1ccc(-c2ccccc2)cc1,0.30864197530864196,6.410581
COc1ccccc1-c1ccc(CN(CCC2CCN(Cc3ccc(C)cc3)CC2)C(=O)NC(C)(C)CO)cc1,0.3291139240506329,6.600162
Cc1ccc(CN2CCC(CCN(Cc3ccc(-c4ccccc4)cc3)C(=O)NC(C)(C)CO)CC2)cc1,0.32,6.840825
O=C1N/C(=C\c2ccc(CNCc3ccccc3)cc2)C(=O)N1c1ccc(Oc2ccccc2)cc1,0.2465753424657534,5.30103
CN(C)Cc1ccc(/C=C2\NC(=O)N(c3ccc(Oc4ccccc4)cc3)C2=O)cc1,0.3283582089552239,6.467246
O=C1N/C(=C\c2ccc(CN3CCCCCC3)cc2)C(=O)N1c1ccc(Oc2ccccc2)cc1,0.30985915492957744,6.447332
CN(C)CCNCc1ccc(/C=C2\NC(=O)N(c3ccc(Oc4ccccc4)cc3)C2=O)cc1,0.3013698630136986,6.150581
CC(=O)N1CCN(Cc2ccc(/C=C3\NC(=O)N(c4ccc(Oc5ccccc5)cc4)C3=O)cc2)CC1,0.29545454545454547,5.686133
O=C1N/C(=C\c2ccc(CN3CCN(c4ccccc4)CC3)cc2)C(=O)N1c1ccc(Oc2ccccc2)cc1,0.30952380952380953,5.30103
COc1cccc2nc(N[C@H]3CCC[C@H](NCc4ccsc4)C3)ccc12,0.23333333333333334,7.267606
COc1ccc2c(C)cc(N[C@H]3CC[C@H](NCc4cn(C)c5c(C#N)cccc45)C3)nc2c1,0.23076923076923078,7.69897
COc1ccc2nc(N[C@H]3CCC[C@H](NCc4ccsc4)C3)c(C)cc2c1,0.2625,5.856985
COc1cc(N[C@H]2CCC[C@H](NCc3ccsc3)C2)nc2ccccc12,0.24719101123595505,8.045757
COc1ccc2c(C)cc(N[C@H]3CCC[C@H](NCc4cn(C(=O)N(C)C)c5ccc(Cl)cc45)C3)nc2c1,0.25806451612903225,7.236572
COc1ccc2c(C)cc(N[C@H]3CCC[C@H](NCc4ccc5nsnc5c4)C3)nc2c1,0.25609756097560976,7.79588
COc1ccc2nc(NCCNCc3ccsc3)cc(C)c2c1,0.25,5.444906
COc1ccc2c(C)cc(N[C@H]3CCC[C@H](NCc4cnccn4)C3)nc2c1,0.24509803921568626,7.05061
COc1ccc2c(C)cc(N[C@H]3CCC[C@H](NCc4ccc(Cl)c(Cl)c4)C3)nc2c1,0.3246753246753247,7.886057
COc1cc(N[C@H]2CCC[C@H](NCc3ccsc3)C2)nc2ccc(OC(C)C)cc12,0.24210526315789474,6.636388
COc1ccc2nc(NCCCCNCc3ccsc3)cc(C)c2c1,0.24705882352941178,4.481486
COc1ccc2nc(N[C@@H]3CCC[C@@H](NCc4ccsc4)C3)cc(C)c2c1,0.2727272727272727,6.386158
COc1ccc(Br)c(CN[C@H]2CCC[C@H](Nc3cc(C)c4ccc(OC)cc4n3)C2)c1,0.2375,7.552842
COc1ccc2c(C)cc(N[C@H]3CCC[C@H](NCc4ccsc4)C3)nc2c1,0.2727272727272727,10.0
COc1ccc2nc(N[C@@H]3C[C@@H]4C[C@H]3[C@H](NCc3ccsc3)C4)cc(C)c2c1,0.25274725274725274,5.300162
COc1ccc2c(C)cc(N[C@H]3CCC[C@H](NCc4cncc5ccccc45)C3)nc2c1,0.24,7.657577
COc1ccc2nc(N[C@H]3CCC[C@H](NCc4ccsc4)C3)ccc2c1,0.2857142857142857,7.244125
Clc1ccc2nc(N[C@H]3CCC[C@H](NCc4ccsc4)C3)ccc2c1,0.2717391304347826,6.243364
CN(C)c1ccc2nc(N[C@H]3CCC[C@H](NCc4ccsc4)C3)ccc2c1,0.23863636363636365,6.072117
COc1ccc2nc(NCCCNC(=O)c3ccsc3)cc(C)c2c1,0.2839506172839506,6.974694
COc1ccc2nc(N[C@H]3CC[C@H](N(C)Cc4ccsc4)C3)cc(C)c2c1,0.2808988764044944,6.924453
COc1ccc2nc(N(C)[C@H]3CC[C@H](NCc4ccsc4)C3)cc(C)c2c1,0.25274725274725274,5.638272
CC(=O)N(C)c1ccc2nc(N[C@H]3CCC[C@H](NCc4ccsc4)C3)ccc2c1,0.23711340206185566,5.598599
COc1ccc2nc(N3CCC(NCc4ccsc4)CC3)cc(C)c2c1,0.36585365853658536,5.67162
c1ccc2nc(N[C@H]3CCC[C@H](NCc4ccsc4)C3)ccc2c1,0.2261904761904762,7.167491
COc1ccc2c(C)cc(N[C@H]3CC[C@H](NCc4cn(C)c5ccccc45)C3)nc2c1,0.26,8.045757
Cc1ccccc1Nc1nc(N)nc(CN(C)Cc2cccc(Cl)c2)n1,0.1951219512195122,5.107905
CCN(CC)CCCn1c(-c2ccc(Br)cc2)cn2c3ccccc3nc12,0.22666666666666666,4.924453
CC(C)N(CCCNC(=O)c1cc2sccc2n1C)Cc1ccccc1,0.28205128205128205,4.679854
CCCCCCN(CS(=O)(=O)c1ccc(C)cc1)CS(=O)(=O)c1ccc(C)cc1,0.2037037037037037,5.769551
CO[C@H]1CN(CCCc2cccc(NC(=O)C3CC3)c2)CC[C@@H]1n1c(C)nc2cc(C)ccc21,0.35353535353535354,8.283997
CO[C@@H]1CN(C[C@@H]2Cc3ccc(NC(=O)C(C)C)cc3C2)CC[C@H]1n1c(C)nc2cc(C)ccc21,0.3953488372093023,7.508638
CN(C(=O)c1ccc(-c2ccc(C(F)(F)F)cc2)cc1)[C@H]1CCN(C(=O)N2CC[C@@H](NCCc3ccccc3)C2)C1,0.35365853658536583,7.774721
CCc1ccc(-c2ccc(C(=O)N(C)[C@H]3CCN(C(=O)N4CC[C@@H](NC5CCCC5)C4)C3)s2)cc1,0.38636363636363635,8.74947
COc1ccc(Oc2ccc3c(=O)c(-c4ccc(N5CCC(N(C)C)C5)nc4)coc3c2)cc1,0.3191489361702128,6.860121
CN(C)c1nc(N[C@H]2CC[C@@H](NC(=O)c3cccc(Br)c3)CC2)nc2ccccc12,0.3013698630136986,8.229148
CN(C)C1CCN(c2ccc(NC(=O)c3ccc(-c4cnco4)cc3)cc2)C1,0.3116883116883117,5.0
COc1ccc(-c2ccc(CCCNc3ccc(CN4CCCCC4)cc3)nn2)cc1,0.3333333333333333,8.154902
N#Cc1ccc(-c2ccc(CCCNc3ccc(CN4CCCCC4)cc3)nn2)cc1,0.3333333333333333,6.821023
c1cc(-c2ccc(CCCNc3ccc(CN4CCCCC4)cc3)nn2)ccn1,0.3333333333333333,5.596879
COc1ccc(CCCNc2ccc(CN3CCCCC3)cc2)nn1,0.328125,5.522879
COc1ccc(-c2ccc(CCCNc3ccc(CN4CCCC4)cc3)nn2)cc1,0.3382352941176471,7.022276
COc1ccc(-c2ccc(CCCNc3ccc(CN(C)C)cc3)nn2)cc1,0.31343283582089554,6.812479
COc1ccc(-c2ccc(CCCNc3ccc(CN4CCOCC4)cc3)nn2)cc1,0.3026315789473684,7.69897
COc1ccc(-c2ccc(CCCNc3ccc(CN4CCCC(O)C4)cc3)nn2)cc1,0.3448275862068966,8.221849
COc1ccc(-c2ccc(CCCNc3ccc(CN4CCC(O)CC4)cc3)nn2)cc1,0.36486486486486486,7.69897
OC1CCN(Cc2ccc(NCCCc3ccc(OCc4ccccc4)nn3)cc2)CC1,0.3287671232876712,8.522879
OC1CCN(Cc2ccc(NCCCc3ccc(Oc4ccccc4)nn3)cc2)CC1,0.3333333333333333,7.619789
O[C@@H]1CCCN(Cc2ccc(OCCCc3ccc(-c4ccc(Cl)cc4)nn3)cc2)C1,0.323943661971831,7.823909
OCC1CCN(Cc2ccc(OCCCc3ccc(-c4ccc(Cl)cc4)nn3)cc2)CC1,0.3142857142857143,8.39794
O[C@@H]1CCCN(Cc2ccc(OCCCc3ccc(Oc4ccccc4)nn3)cc2)C1,0.2857142857142857,7.036212
OC1CCN(Cc2ccc(OCCCc3ccc(-c4ccc(Cl)cc4)nn3)cc2)CC1,0.3235294117647059,7.886057
OCC1CCN(Cc2ccc(OCCCc3ccc(Oc4ccccc4)nn3)cc2)CC1,0.3013698630136986,7.886057
OC1CCN(Cc2ccc(OCCCc3ccc(-c4ccc(F)cc4)nn3)cc2)CC1,0.3902439024390244,6.730487
CN(C)c1nc(NCC2CCC(CNCc3ccc(Br)cc3OC(F)(F)F)CC2)nc2ccccc12,0.23469387755102042,6.017729
CN(C)c1nc(N[C@H]2CC[C@@H](NC(=O)c3ccc(F)c(F)c3F)CC2)nc2ccccc12,0.25609756097560976,7.420216
CN(C)C1CCN(c2ccc(NC(=O)CCCC(=O)c3ccccc3)cc2)C1,0.3411764705882353,6.60206
CN(C)c1nc(NC2CCN(S(=O)(=O)c3ccc(Br)cc3OC(F)(F)F)CC2)nc2ccccc12,0.24242424242424243,6.60206
CN(C)c1nc(NC2CCN(Cc3ccc(Br)cc3OC(F)(F)F)CC2)nc2ccccc12,0.2682926829268293,6.49485
CN(C)C1CCN(c2ccc(NC(=O)Cc3ccc(-c4ccccc4)cc3)cc2)C1,0.3333333333333333,5.366532
CN(C)c1nc(N[C@H]2CC[C@@H](NC(=O)c3ccc(F)cc3)CC2)nc2ccccc12,0.32,8.026872
CN(C)c1nc(N[C@H]2CC[C@@H](NC(=O)c3cccc(F)c3)CC2)nc2ccccc12,0.3116883116883117,8.022276
CN(C)c1nc(N[C@H]2CC[C@@H](NC(=O)c3ccc(Cl)c(Cl)c3)CC2)nc2ccccc12,0.33783783783783783,8.30103
O=c1cc(NC2CCN(Cc3ccc4sccc4c3)CC2)c2cc(Cl)ccc2o1,0.3950617283950617,8.221849
CCN1CCCC1CNC(=O)c1ccc(-c2noc(-c3ccc(Oc4ccccc4)cc3)n2)cc1,0.2976190476190476,5.721246
O=c1cc(NC2CCN(Cc3ccc4[nH]ccc4c3)CC2)c2cc(Cl)ccc2o1,0.3902439024390244,8.154902
O=C(NCC(CCNC1CCCC1)c1ccc(-c2cccc(F)c2)cc1)Nc1cc(Cl)cc(Cl)c1,0.3614457831325301,7.431798
CN(C)c1nc(NCC2CCC(CNC(=O)c3ccc(Br)cc3OC(F)(F)F)CC2)nc2ccccc12,0.26136363636363635,5.823909
CN(C)c1nc(N[C@H]2CC[C@@H](NC(=O)c3ccccc3F)CC2)nc2ccccc12,0.2716049382716049,6.769551
COc1ccc(CCCNC(=O)Nc2ccc(N3CCC(N(C)C)C3)cc2)cc1,0.32894736842105265,7.283997
NC(=O)c1ccc(-c2nnc(Nc3cccc(Br)c3)c3ccccc23)cc1,0.2159090909090909,4.0
COc1cc(CN2CCC(Nc3[nH]nc4ccc(Cl)cc34)CC2)cc2c1OCO2,0.37209302325581395,6.552842
Clc1ccc(CN2CCC(Nc3[nH]nc4ccc(Cl)cc34)CC2)cc1,0.35135135135135137,6.69897
O=c1cc(NC2CCN(Cc3ccc4ncoc4c3)CC2)c2cc(Cl)ccc2o1,0.3902439024390244,7.124939
Cn1ccc2ccc(CN3CCC(/N=c4\cc(O)oc5ccc(Cl)cc45)CC3)cc21,0.3218390804597701,7.221849
Clc1ccc2c(c1)c(NC1CCN(Cc3ccc4ccccc4c3)CC1)nn2Cc1ccccn1,0.3815789473684211,7.69897
CNCCN(C)c1cc(C)c2cc(NC(=O)COc3ccc(Cl)cc3Cl)ccc2n1,0.3764705882352941,8.187911
O=S(=O)(NC1CCC(CNc2ncc3ccccc3n2)CC1)c1ccc(Br)cc1OC(F)(F)F,0.25555555555555554,5.568636
CN(CCCC1CCCCC1)[C@@H]1CCN(C(=O)N2CC[C@H](N(C)C(=O)c3ccc(-c4ccc(C(F)(F)F)cc4)cc3)C2)C1,0.367816091954023,7.587547
O=c1cc(NC2CCN(Cc3ccc4ccccc4c3)CC2)c2cc(Cl)ccc2n1Cc1ccccn1,0.3870967741935484,9.045757
CN(C(=O)c1ccc(-c2ccc(C(F)(F)F)cc2)cc1)[C@H]1CCN(C(=O)N2CC[C@@H](NCCCC(F)(F)F)C2)C1,0.3333333333333333,7.792915
CCc1ccc(-c2ccc3c(=O)c(-c4ccc(N5CCC(N(C)C)C5)nc4)coc3c2)cc1,0.3225806451612903,8.055517
CN(CC1CCC1)[C@@H]1CCN(C(=O)N2CC[C@H](N(C)C(=O)c3ccc(-c4ccc(C(F)(F)F)cc4)cc3)C2)C1,0.3855421686746988,7.378359
CN(C)C1CCN(c2ccc(-c3coc4cc(-c5ccc(Br)cc5)ccc4c3=O)cn2)C1,0.24489795918367346,8.522879
CN(C)C1CCN(c2ccc(-c3coc4cc(-c5cnccc5C(F)(F)F)ccc4c3=O)cn2)C1,0.25742574257425743,7.537602
CN(C(=O)c1ccc(-c2ccc(NS(C)(=O)=O)cc2)cc1)[C@H]1CCN(C(=O)N2CC[C@H](NCCCc3ccccc3)C2)C1,0.32142857142857145,5.0
COc1ccc(-c2nnc(C(=O)N3CCC(Oc4ccc(CN5CCN(C)CC5)cc4)CC3)o2)cc1,0.3563218390804598,7.376751
O=C(c1nnc(-c2ccc(Cl)cc2)o1)N1CCC(Oc2ccc(CN3CCCC3)cc2)CC1,0.38235294117647056,7.958607
COc1ccc(-c2nnc(C(=O)N3CCC(Oc4ccc(CN5CCOCC5)cc4)CC3)o2)cc1,0.3563218390804598,7.39794
COc1ccc(-c2nnc(C(=O)N3CCC(Oc4ccc(CN5CC(O)C(C)(C)C5)cc4)CC3)o2)cc1,0.3333333333333333,7.408935
COc1ccc(-c2nnc(C(=O)N3CCC(Oc4ccc(CN5CCC(O)C5)cc4)CC3)o2)cc1,0.36363636363636365,7.408935
CN(C(=O)c1ccc(-c2ccc(C#N)cc2)cc1)[C@H]1CCN(C(=O)N2CC[C@H](NCCCc3ccccc3)C2)C1,0.345679012345679,7.309893
CN(C(=O)c1ccc(-c2ccc(C(F)(F)F)cc2)cc1)[C@H]1CCN(C(=O)N2CC[C@@H](NCCOc3ccc(F)cc3)C2)C1,0.34831460674157305,7.725633
CN(C(=O)c1ccc(-c2ccncc2)cc1)[C@H]1CCN(C(=O)N2CC[C@H](NCCCc3ccccc3)C2)C1,0.35353535353535354,6.196909
CN(C(=O)c1ccc(-c2ccc(C(F)(F)F)cc2)cc1)[C@H]1CCN(C(=O)N2CC[C@@H](N)C2)C1,0.375,7.291199
CC(=O)Nc1ccc(-c2ccc(C(=O)N(C)[C@H]3CCN(C(=O)N4CC[C@H](NCCCc5ccccc5)C4)C3)cc2)cc1,0.32926829268292684,5.39897
CN(C(=O)c1ccc(-c2ccc(OC(F)(F)F)cc2)cc1)[C@H]1CCN(C(=O)N2CC[C@H](NCCCc3ccccc3)C2)C1,0.3493975903614458,8.142454
Cc1cc(N(C)CCN(C)C)nc2ccc(NC(=O)CCc3nc(-c4ccccc4)c(-c4ccccc4)o3)cc12,0.30434782608695654,6.790485
CCc1cc(N(C)CCN(C)C)nc2ccc(NC(=O)/C=C/c3ccc(OC(F)(F)F)cc3)cc12,0.367816091954023,6.719503
CN(C(=O)c1ccc(-c2ccc(C(F)(F)F)cc2)cc1)[C@H]1CCN(C(=O)N2CC[C@@H](NCCC(C)(C)c3ccc(Cl)cc3)C2)C1,0.32710280373831774,7.851865
COc1cc(NC(=O)c2ccc(C3CCCCC3)cc2)ccc1O[C@H]1CCCC[C@@H]1N(C)C,0.3698630136986301,5.599999
CN(C(=O)c1ccc(-c2ccccc2)s1)[C@H]1CCN(C(=O)N2CC[C@@H](NC3CCC(C)(C)CC3)C2)C1,0.28431372549019607,7.60102
O=c1c2sc(-c3ccc(Cl)cc3)cc2ncn1Cc1cccc2cc(CN3CCCC3)cnc12,0.39285714285714285,7.040959
CCc1ccc(-c2ccc(C(=O)N(C)[C@H]3CCN(C(=O)N4CC[C@@H](NCCCC5CCCCC5)C4)C3)cc2)cc1,0.3333333333333333,8.304896
CCc1ccc(-c2ccc(C(=O)N(C)[C@H]3CCN(C(=O)N4CC[C@@H](NCCCC5CCCCC5)C4)C3)s2)cc1,0.3684210526315789,7.688919
CN(C)[C@@H]1CCN(C(=O)N2CC[C@H](N(C)C(=O)c3ccc(-c4ccc(C(F)(F)F)cc4)cc3)C2)C1,0.38961038961038963,7.469289
COc1ccc(-c2ccc(C(=O)N(C)[C@H]3CCN(C(=O)N4CC[C@@H](NC5CCOCC5)C4)C3)s2)cc1,0.37362637362637363,8.0
CS(=O)(=O)N1CCN(Cc2cnc3c(Cn4cnc5cc(-c6ccc(Cl)cc6)sc5c4=O)cccc3c2)CC1,0.3723404255319149,6.111821
CCN(CC)Cc1ccc2c(c1)CC[C@H](N1CCN(CCc3ccc(Cl)cc3)CC1=O)C2,0.29213483146067415,8.39794
Nc1cc(C2CCC2)nc2ccc(NC(=O)/C=C/c3ccc(C(F)(F)F)cc3)cc12,0.3333333333333333,8.69897
CCCc1cc(N)c2cc(NC(=O)/C=C/c3ccc(F)cc3)ccc2n1,0.26436781609195403,6.886057
CCCCc1cc(N)c2cc(NC(=O)/C=C/c3ccc(C(F)(F)F)cc3)ccc2n1,0.325,8.823909
CCCc1cc(N)c2cc(NC(=O)/C=C/c3ccc(C)cc3)ccc2n1,0.26744186046511625,8.045757
COc1ccc(-c2ccc3c(=O)c(-c4ccc(N5CCC(N(C)C)C5)nc4)coc3c2)c(C)c1,0.36082474226804123,8.481486
CCCCc1ccc(/C=C/C(=O)Nc2ccc3nc(CCC)cc(N)c3c2)cc1,0.25609756097560976,7.346787
CN(CC1CCCCC1)[C@@H]1CCN(C(=O)N2CC[C@H](N(C)C(=O)c3ccc(-c4ccc(C(F)(F)F)cc4)cc3)C2)C1,0.38095238095238093,7.619879
CCCc1cc(N)c2cc(N(C)C(=O)CCc3ccc(C(F)(F)F)cc3)ccc2n1,0.35064935064935066,5.769551
CN(C(=O)c1ccc(-c2ccc(C(F)(F)F)cc2)cc1)[C@H]1CCN(C(=O)N2CC[C@@H](NCC3CCCCC3)C2)C1,0.34831460674157305,7.915457
CCCc1cc(N)c2cc(NC(=O)/C=C/c3ccc([N+](=O)[O-])cc3)ccc2n1,0.2391304347826087,7.69897
CCCc1cc(N)c2cc(NC(=O)/C=C/c3ccc(SC)cc3)ccc2n1,0.25274725274725274,8.045757
COc1ccc(-c2ccc(C(=O)N(C)[C@H]3CCN(C(=O)N4CC[C@@H](NCCCC5CCCCC5)C4)C3)cc2)c(C)c1,0.3564356435643564,8.272057
CCCc1cc(N)c2cc(NC(=O)/C=C/c3ccccc3)ccc2n1,0.25882352941176473,6.0
Nc1cc(C2CCCC2)nc2ccc(NC(=O)/C=C/c3ccc(C(F)(F)F)cc3)cc12,0.3333333333333333,9.09691
CC1CCC(N(C)[C@@H]2CCN(C(=O)N3CC[C@H](N(C)C(=O)c4ccc(-c5ccc(C(F)(F)F)cc5)cc4)C3)C2)CC1,0.3614457831325301,7.538803
CC(C)(C)Cc1cc(N)c2cc(NC(=O)/C=C/c3ccc(C(F)(F)F)cc3)ccc2n1,0.31645569620253167,8.236572
Nc1cc(C2CCCCC2)nc2ccc(NC(=O)/C=C/c3ccc(C(F)(F)F)cc3)cc12,0.32954545454545453,8.920819
COc1ccc(-c2ccc(C(=O)N(C)[C@H]3CCN(C(=O)N4CC[C@@H](NC5CCC(C)(C)CC5)C4)C3)s2)cc1,0.37362637362637363,9.022879
CCCc1cc(N)c2cc(NC(=O)/C=C/c3ccc(C(F)(F)F)cc3)ccc2n1,0.3333333333333333,8.792513
CCOc1ccc(-c2ccc(C(=O)N(C)[C@H]3CCN(C(=O)N4CC[C@@H](NC5CCC(C)(C)CC5)C4)C3)s2)cc1,0.3229166666666667,7.797925
CN(C)C1CCN(c2ccc(-c3cn(C)c4cc(-c5ccc(C(F)(F)F)cc5)ccc4c3=O)cn2)C1,0.34065934065934067,6.920819
CCN(CC)Cc1ccc2c(c1)CC[C@H](N1CCN(CCc3ccccc3F)CC1=O)C2,0.2967032967032967,7.920819
CCN(CC)Cc1ccc2c(c1)CC[C@H](N1CCN(CCc3ccc(Br)cc3)CC1=O)C2,0.27710843373493976,8.39794
CCN(CC)Cc1ccc2c(c1)CC[C@H](N1CCN(CCc3ccc(C(F)(F)F)cc3)CC1=O)C2,0.29292929292929293,7.398484
CCC(CO)(CO)NC(=O)N(CCC1CCN(Cc2ccc(C)cc2)CC1)Cc1ccc(-c2ccccc2OC)cc1,0.3375,6.77864
CCC(CO)(CO)NC(=O)N(CCC1CCN(Cc2ccc(C)cc2)CC1)Cc1ccc(-c2cccc(C#N)c2)cc1,0.3333333333333333,6.112036
COc1ccc(-c2ccc(CN(CCC3CCN(Cc4ccc(C)cc4)CC3)C(=O)NC(C)(C)COC(C)=O)cc2)cc1,0.32926829268292684,6.225242
COc1ccccc1-c1ccc(CN(CCC2CCN(Cc3ccc(C)cc3)CC2)C(=O)NC(C)(C)COC(C)=O)cc1,0.30952380952380953,6.667784
CCC(COC(C)=O)(COC(C)=O)NC(=O)N(CCC1CCN(Cc2ccc(C)cc2)CC1)Cc1ccc(-c2ccc(F)cc2)cc1,0.38095238095238093,6.669789
Cc1ccc(CN2CCC(CCN(Cc3ccc(-c4cccc(C#N)c4)cc3)C(=O)NC(C)(C)CO)CC2)cc1,0.33695652173913043,7.363274
O=C1N/C(=C\c2ccc(CN3CCN(Cc4ccccc4)CC3)cc2)C(=O)N1c1ccc(Oc2ccccc2)cc1,0.30864197530864196,5.30103
O=C1N/C(=C\c2ccc(CN3CCOCC3)cc2)C(=O)N1c1ccc(Oc2ccccc2)cc1,0.29411764705882354,5.30103
O=C1N/C(=C\c2ccc(CN3CCC(O)C3)cc2)C(=O)N1c1ccc(Oc2ccccc2)cc1,0.3157894736842105,6.754487
CCC(COC(C)=O)(COC(C)=O)NC(=O)N(CCC1CCN(Cc2ccc(C)cc2)CC1)Cc1ccc(-c2cccc(C#N)c2)cc1,0.3177570093457944,5.966576
O=C1N/C(=C\c2ccc(CNC3CCCC3)cc2)C(=O)N1c1ccc(Oc2ccccc2)cc1,0.2441860465116279,5.30103
Cc1ccccc1SCN(CCc1ccccc1)CSc1ccccc1C,0.21666666666666667,5.124939
COc1ccc2c(C)cc(N[C@H]3CCC[C@H](NCc4ccc(S(C)(=O)=O)cc4Cl)C3)nc2c1,0.22727272727272727,7.30103
Cc1ccc(CN2CCC(CCN(Cc3ccc(-c4ccccc4)cc3)C(=O)NC(C)C)CC2)cc1,0.3287671232876712,6.58919
CN(C)c1cc(N[C@H]2CCC[C@H](NCc3ccsc3)C2)nc2ccccc12,0.23333333333333334,7.537602
CCN(CC)Cc1cc(NC2=NS(=O)(=O)c3ccccc32)ccc1OC(=O)c1ccc(OC)cc1,0.32894736842105265,4.946922
Cc1ccc(S(=O)(=O)CN(Cc2ccccc2)CS(=O)(=O)c2ccc(C)cc2)cc1,0.23728813559322035,5.124939
N#Cc1cc(N[C@H]2CCC[C@H](NCc3ccsc3)C2)nc2ccccc12,0.21978021978021978,5.003488
Clc1cccc2ccc(N[C@H]3CCC[C@H](NCc4ccsc4)C3)nc12,0.21794871794871795,5.29243
COc1ccc2c(C)cc(N[C@H]3CC[C@H](NCc4cn(C)c5ccc(OC(F)F)cc45)C3)nc2c1,0.24242424242424243,8.30103
COc1ccc2nc(NCC3CCCN(Cc4ccsc4)C3)cc(C)c2c1,0.3111111111111111,5.524329
Cc1cc(N[C@H]2CCC[C@H](NCc3ccsc3)C2)nc2ccccc12,0.25882352941176473,8.154902
FC(F)(F)c1cc(N[C@H]2CCC[C@H](NCc3ccsc3)C2)nc2ccccc12,0.21978021978021978,5.318759
COc1ccc2c(C)cc(N[C@H]3CCC[C@H](NCc4cn(C)c5ccc(Br)cc45)C3)nc2c1,0.26373626373626374,7.21467
COc1ccc2nc(N[C@H]3CCC[C@H](NCc4ccsc4)C3)cc(C)c2c1,0.2727272727272727,8.522879
COCC1=C(C(=O)OC)[C@H](c2ccc(F)c(F)c2)N(C(=O)NCCCN2CCC(c3cccc(CC(C)=O)c3)CC2)C(=O)N1,0.34375,7.823909
CN(CC1CC1)[C@@H]1CCN(C(=O)N2CC[C@H](N(C)C(=O)c3ccc(-c4ccc(C(F)(F)F)cc4)cc3)C2)C1,0.3950617283950617,7.55145
CCC(C)c1cc(N)c2cc(NC(=O)/C=C/c3ccc(C(F)(F)F)cc3)ccc2n1,0.30864197530864196,9.522879
CN(C(=O)c1ccc(-c2ccc(C(F)(F)F)cc2)s1)[C@H]1CCN(C(=O)N2CC[C@@H](NCCCC3CCCCC3)C2)C1,0.3723404255319149,7.21091
CCN(CC)Cc1ccc(CCN2CCn3nc(C(=O)Nc4cccc(C(F)(F)F)c4)cc3C2=O)cc1,0.30392156862745096,6.303644
CNC1CCN(c2ccc(NC(=O)c3ccc(-c4ccccc4)cc3)cn2)C1,0.38571428571428573,7.762645
O=C(NCC(CCN1CCC(N2CCCCC2)CC1)c1ccc(Cl)c(Cl)c1)Nc1ccccc1,0.37037037037037035,4.732828
CCCc1cc(N(CC)CC)c2cc(NC(=O)/C=C/c3ccc(C(F)(F)F)cc3)ccc2n1,0.32098765432098764,5.958607
Cc1cc(N(C)CCN(C)C)nc2ccc(NC(=O)C3CC3c3ccccc3)cc12,0.3023255813953488,5.0
O=C(NCC(CCN1CCC(N2CCCCC2)CC1)c1ccc(Cl)c(Cl)c1)Nc1ccccc1C(F)(F)F,0.2978723404255319,4.647817
CC(C)S(=O)(=O)NCC1CCC(CNc2nc(N(C)C)c3ccccc3n2)CC1,0.21052631578947367,5.0
O=C1N/C(=C\c2ccc(CN3CCCCC3)cc2)C(=O)N1c1ccc(Oc2ccccc2)cc1,0.30985915492957744,5.30103
COc1ccc(/C=C2/SC(=S)N(CCCC(=O)OCCN(C)C)C2=O)cc1,0.2631578947368421,5.091515
O=C(NCC(CCN1CCC(N2CCCCC2)CC1)c1ccc(Cl)c(Cl)c1)Nc1ccc(Cl)c(Cl)c1,0.3333333333333333,6.522879
CC(CC(C)(C)C)Oc1cccc2ccc(N3CCCC3)nc12,0.35714285714285715,5.69897
O=C(NCC(CCN1CCC(N2CCCCC2)CC1)c1ccc(Cl)c(Cl)c1)Nc1cccc(Cl)c1,0.32954545454545453,5.784891
CN(C)C1CCN(c2ccc(-c3coc4cc(-c5ccc(OC(F)(F)F)cc5)ccc4c3=O)cn2)C1,0.35051546391752575,7.619789
CN(C)C1CCN(c2ccc(-c3coc4cc(-c5ccc(F)cc5)ccc4c3=O)cn2)C1,0.29347826086956524,8.69897
CC(C)(C)c1cc(N)c2cc(NC(=O)/C=C/c3ccc(C(F)(F)F)cc3)ccc2n1,0.3116883116883117,9.522879
O=C1N/C(=C\c2ccc(CN3CCCC3)cc2)C(=O)N1c1ccc(Oc2ccccc2)cc1,0.3142857142857143,6.657577
COc1ccc(-c2ccc(CN(CCC3CCN(Cc4ccc(C)cc4)CC3)C(=O)NC(C)(C)CO)cc2)cc1,0.34615384615384615,6.690189
Cc1ccc(-c2ccc(C(=O)N(C)[C@H]3CCN(C(=O)N4CC[C@@H](NC5CCC(C)(C)CC5)C4)C3)s2)cc1,0.3522727272727273,8.797925
Cc1ccc(CN2CCC(Cc3ccc(C(=O)N[C@H](C)c4ccc(Br)cc4)cc3)CC2)c(C)c1,0.2891566265060241,6.978811
Cn1c(=O)nc(NC2CC3CCC(C2)N3Cc2ccc3c(c2)OCO3)c2cc(Cl)ccc21,0.39285714285714285,7.606624
COc1cc(OC)cc(C(=O)N2CCC3(CCCN(Cc4cccc(C)c4)C3)C2)c1,0.391304347826087,4.744727
O=C(COc1cccc(Cl)c1)NCC1CCN(Cc2ccn(-c3ccc(C(F)(F)F)cn3)c2)CC1,0.38636363636363635,6.504456
CN(C)Cc1ccc(CCN2CCn3cc(Cc4ccc(F)cc4)cc3C2=O)cc1,0.3548387096774194,6.642065
CN(CCCN1CCC2(CC1)OCc1ccccc12)C(=O)C(c1ccc(F)c(F)c1)N1CCCC1,0.32608695652173914,6.90309
O=C(C(c1ccc(F)c(F)c1)n1cccn1)N(CCF)CCCN1CCC2(CC1)OCc1cc(F)ncc12,0.2636363636363636,10.045757
Cc1ccc(N(C(=O)NCCCN2CCC3(CCc4ccccc43)CC2)c2ccc(F)cc2)cc1,0.29213483146067415,7.267606
Cc1ccc(N(C(=O)NCCCN2CCC3(CCc4ccccc43)CC2)c2ccc(C)cc2)cc1,0.29213483146067415,7.376751
Cc1ccc(N(C(=O)NCCCN2CCC3(CCc4ccccc43)CC2)c2cccc(F)c2)cc1,0.2903225806451613,7.376751
CN(C)[C@@H]1CCN(c2ccc(-c3coc4cc(-c5ccc(Cl)cc5)ccc4c3=O)cn2)C1,0.3076923076923077,8.79588
O=C(COc1cccc(Cl)c1)NC1CCN(Cc2ccc(-c3ccc(C(F)(F)F)cn3)o2)CC1,0.3170731707317073,6.03292
O=C(COc1cccc(Cl)c1)NC1CCN(Cc2csc(-c3ccc(Cl)cc3)n2)CC1,0.37777777777777777,6.459671
O=C(COc1ccc(F)c(F)c1)N[C@H]1CC[C@H](Nc2ccn(-c3ccc(C(F)(F)F)cc3)c2)C1,0.38271604938271603,5.645892
O=C(COc1cccc(Cl)c1)N1CCC(Nc2ccn(-c3ccc(C(F)(F)F)cn3)c2)CC1,0.3258426966292135,5.90309
Cc1cccc(OCC(=O)NCC2CN(Cc3ccn(-c4ccc(C(C)(C)C)cn4)c3)C2)c1,0.29896907216494845,6.772113
CN(CCCC1CCC2(CC1)OCc1ccccc12)C(=O)C(c1ccc(F)c(F)c1)n1cccn1,0.2641509433962264,8.769551
Cc1ccc(N(C(=O)N(C)CCCN2CCC3(CC2)OCc2ccccc23)c2ccc(F)c(F)c2)cc1,0.32967032967032966,8.677781
CN(CCCN1CCC2(CC1)OCc1ccccc12)C(=O)C(c1ccc(F)c(F)c1)n1cnnn1,0.30612244897959184,8.004365
CC(C)N(C)c1nc2ccc(NC(=O)CCc3ccc(C(F)(F)F)cn3)cc2[nH]1,0.3974358974358974,7.387216
CC(C)N(C)c1nc2ccc(NC(=O)c3ncc(-c4ccc(F)cc4)cn3)cc2[nH]1,0.3246753246753247,7.823909
CC(C)N(C)c1nc2ccc(NC(=O)c3cncc(-c4ccc(F)cc4)c3)cc2[nH]1,0.35064935064935066,6.045757
CC(C)N(C)c1nc2ccc(NC(=O)c3ccc(-c4ccc(C(F)(F)F)cn4)cc3)cc2[nH]1,0.29545454545454547,8.508638
CC(C)N(C)c1nc2ccc(NC(=O)c3ccc(-c4ccccc4)nc3)cc2[nH]1,0.34210526315789475,8.055517
O=C(COc1cccc(Cl)c1)NC1CCN(Cc2ccn(-c3ccon3)c2)CC1,0.3684210526315789,5.823909
CCN(CCCN1CCC2(CC1)OCc1cc(F)ncc12)C(=O)C(c1ccc(F)c(F)c1)n1cccn1,0.27522935779816515,9.823909
Cc1ccc(N(C(=O)N(C)CCCN2CCC3(CCc4ccccc43)CC2)c2ccc(F)c(F)c2)cc1,0.32222222222222224,8.677781
CN(CCCN1CCC2(CC1)OCc1ccccc12)C(=O)N(c1ccccc1)c1ccc(F)c(F)c1,0.34408602150537637,7.721246
Cc1ccc(N(C(=O)NCCCN2CCC3(CCc4ccccc43)CC2)c2ccc(F)c(F)c2)cc1,0.32222222222222224,8.017729
CC(C)N(C)c1nc2ccc(NC(=O)c3cnc(-c4ccc(F)cc4)cn3)cc2[nH]1,0.3023255813953488,8.568636
CC[C@@H](NC(=O)c1ccc(CC2CCN(Cc3ccc4c(c3)OC(F)(F)O4)CC2)cc1)c1ccc(I)cc1,0.3146067415730337,6.099633
CC[C@@H](NC(=O)c1ccc(CC2CCN(Cc3ccc4cncnc4c3)CC2)cc1)c1ccc(I)cc1,0.32142857142857145,7.522879
CC[C@@H](NC(=O)c1ccc(CC2CCN(Cc3ccc4cccnc4c3)CC2)cc1)c1ccc(I)cc1,0.35365853658536583,8.30103
CC(C)(C)c1cn2cc(NC(=O)c3ccc(-c4ccc(C(F)(F)F)cc4)cc3)ccc2n1,0.3142857142857143,8.148742
COCC(O)CN(Cc1ccc(F)cc1)C(=O)CC1CCN(Cc2ccc(-c3ccc(Cl)cc3)o2)CC1,0.3076923076923077,6.823909
C[C@@H](NC(=O)c1ccc(C=C2CCN(Cc3ccco3)CC2)cc1)c1ccc(Br)cc1,0.23076923076923078,4.806708
CC(=O)N(C)Cc1cn2cc(NC(=O)c3ccc(-c4ccc(C(F)(F)F)cc4)cc3)ccc2n1,0.32,7.455932
Cc1ccc(CN2CCC(=Cc3ccc(C(=O)N[C@H](C)c4ccc(Br)cc4)cc3)CC2)c(C)c1,0.22784810126582278,6.978811
CCCc1cn2cc(NC(=O)c3ccc(-c4ccc(C(F)(F)F)cc4)cc3)ccc2n1,0.3283582089552239,7.958607
CC[C@@H](NC(=O)c1ccc(CC2CCN(Cc3ccc4ccccc4n3)CC2)cc1)c1ccc(I)cc1,0.32926829268292684,6.505845
CC(O)c1cn2cc(NC(=O)c3ccc(-c4ccc(C(F)(F)F)cc4)cc3)ccc2n1,0.3013698630136986,7.522879
O=C(Nc1ccc2nc(C3CC3)cn2c1)c1ccc(-c2ccc(C(F)(F)F)cn2)cc1,0.3291139240506329,8.086186
C[C@@H](NC(=O)c1ccc(C=C2CCN(Cc3ccccc3)CC2)cc1)c1ccc(Br)cc1,0.3380281690140845,5.587707
CCN(CCCN1CCC2(CC1)OCc1ccccc12)C(=O)C(c1ccc(F)c(F)c1)N1CCCC1=O,0.31958762886597936,9.0
C[C@@H](NC(=O)c1ccc(C=C2CCN(CC3CCCCC3)CC2)cc1)c1ccc(Br)cc1,0.23376623376623376,4.436661
O=C(CC1CCN(Cc2ccc(-c3ccc(Cl)cc3)o2)CC1)NCC(O)C(F)(F)F,0.3013698630136986,6.088842
O=C(Nc1ccc2nc(C3CC3)cn2c1)c1ccc(-c2ccccn2)cc1,0.32894736842105265,6.853872
CC(C)c1cn2cc(NC(=O)c3ccc(-c4ccc(C(F)(F)F)cc4)cc3)ccc2n1,0.3055555555555556,8.267606
O=C(Nc1ccc2nc(C3CC3)cn2c1)c1ccc(-c2ccc(C(F)(F)F)cc2)cc1,0.33783783783783783,8.251812
Cc1cn2cc(NC(=O)c3ccc(-c4ccc(C(F)(F)F)cc4)cc3)ccc2n1,0.34328358208955223,8.337242
CC[C@@H](NC(=O)c1ccc(CC2CCN(Cc3ccc4nccnc4c3)CC2)cc1)c1ccc(I)cc1,0.30864197530864196,7.39794
CCN(CCCN1CCC2(CC1)OCc1ccc(F)cc12)C(=O)C(c1ccc(F)c(F)c1)N1CCNCC1=O,0.3018867924528302,9.060481
O=C(NCc1ccc(Cl)cc1Cl)C1CCN(Cc2ccn(-c3ccc(C(F)(F)F)cn3)c2)CC1,0.3977272727272727,6.352617
C[C@@H](NC(=O)c1ccc(C=C2CCN(Cc3cccc4c3OCO4)CC2)cc1)c1ccc(Br)cc1,0.3595505617977528,4.75995
CC(C)(O)c1cn2cc(NC(=O)c3ccc(-c4ccc(C(F)(F)F)cc4)cc3)ccc2n1,0.29850746268656714,7.769551
O=C(Nc1ccc2nccn2c1)c1ccc(-c2ccc(C(F)(F)F)cc2)cc1,0.31746031746031744,6.522879
COc1ccc(CN2CCC(=Cc3ccc(C(=O)N[C@H](C)c4ccc(Br)cc4)cc3)CC2)cc1,0.34210526315789475,6.826814
CCOC(=O)c1cn2cc(NC(=O)c3ccc(-c4ccc(C(F)(F)F)cc4)cc3)ccc2n1,0.3472222222222222,6.0
O=C(Nc1ccc2nc(CO)cn2c1)c1ccc(-c2ccc(C(F)(F)F)cc2)cc1,0.30303030303030304,6.886057
CN(C)Cc1cn2cc(NC(=O)c3ccc(-c4ccc(C(F)(F)F)cc4)cc3)ccc2n1,0.35714285714285715,7.080922
O=C(CC1CCN(Cc2ccc(-c3ccc(Cl)cc3)o2)CC1)N1CCCC(CO)C1,0.3373493975903614,6.224026
CCN(CCCN1CCC2(CC1)OCc1ccc(F)cc12)C(=O)C(c1ccc(F)c(F)c1)N1CCCC1=O,0.3137254901960784,9.148742
O/N=C(\c1ccc(CN2CCC3(CC2)OCc2cc(F)ncc23)cc1)c1ccc(F)c(F)c1,0.25555555555555554,8.920819
O=C(c1ccc(CN2CCC3(CC2)OCc2cc(F)ncc23)cc1)c1ccc(F)c(F)c1,0.29069767441860467,8.853872
CCCNCc1ccc(COn2ccc(OCc3ccc(F)cc3)cc2=O)cc1,0.39436619718309857,7.468521
CO/N=C(/c1ccc(CN2CCC3(CC2)OCc2cc(F)ncc23)cc1)c1ccc(F)c(F)c1,0.26732673267326734,9.657577
CC(O)(c1ccc(CN2CCC3(CC2)OCc2cc(F)ncc23)cc1)c1ccc(F)c(F)c1,0.2717391304347826,8.585027
CCO/N=C(/c1ccc(CN2CCC3(CC2)OCc2cc(F)ncc23)cc1)c1ccc(F)c(F)c1,0.25,9.920819
OC(c1ccc(CN2CCC3(CC2)OCc2cc(F)ncc23)cc1)c1ccc(F)c(F)c1,0.24731182795698925,8.200659
CCO/N=C(/c1ccc(F)c(F)c1)c1ccc(CN2CCC3(CC2)OCc2cc(F)ncc23)cn1,0.26732673267326734,9.455932
O/N=C(/c1ccc(CN2CCC3(CC2)OCc2cc(F)ncc23)cc1)c1ccc(F)c(F)c1,0.25555555555555554,9.585027
Fc1cc2c(cn1)C1(CCN(Cc3ccc(Nc4ccc(F)c(F)c4)cc3)CC1)OC2,0.24468085106382978,8.337242
CCO/N=C(/c1ccc(F)c(F)c1)c1ccc(CN2CCC3(CC2)OCc2cn(C)c(=O)cc23)cn1,0.26666666666666666,8.167491
CN(c1ccc(CN2CCC3(CC2)OCc2cc(F)ncc23)cc1)c1ccc(F)c(F)c1,0.28888888888888886,8.886057
CCO/N=C(/c1ccc(F)c(F)c1)c1ccc(CN2CCC3(CC2)OCc2cc(=O)n(C)cc23)cn1,0.26666666666666666,7.346787
Fc1cc2c(cn1)C1(CCN(Cc3ccc(Oc4ccc(F)c(F)c4)cc3)CC1)OC2,0.2717391304347826,8.455932
Cc1cc(N)c2cc(NC(=O)/C=C/c3ccc(C(F)(F)F)cc3)ccc2n1,0.32,8.09691
O=C(NCC(CCNC1CCCC1)c1ccc(-c2ccccc2Cl)cc1)Nc1cc(Cl)cc(Cl)c1,0.345679012345679,6.886057
CNc1ccc2cccc(OC(C)CC(C)(C)C)c2n1,0.38461538461538464,6.508638
CC(C)Cc1ccc(N2CCC(Oc3cccc4ccc(NCc5ccc(-c6cccc(C(F)(F)F)c6)o5)nc34)C2)cc1,0.3870967741935484,7.387216
CCN(CCC(C)(C)c1ccc(Cl)cc1)[C@@H]1CCN(C(=O)N2CC[C@H](N(C)C(=O)c3ccc(-c4ccc(C(F)(F)F)cc4)cc3)C2)C1,0.34285714285714286,7.569281
CC(=O)N(CCC(C)(C)c1ccc(Cl)cc1)[C@@H]1CCN(C(=O)N2CC[C@H](N(C)C(=O)c3ccc(-c4ccc(C(F)(F)F)cc4)cc3)C2)C1,0.330188679245283,7.319393
O=C(NCC(CCN1CCC(N2CCCCC2)CC1)c1ccc(Cl)c(Cl)c1)Nc1cc(C(F)(F)F)cc(C(F)(F)F)c1,0.30612244897959184,5.912574
O=C(NCC(CCNC1CCCC1)c1ccc(-c2cccc(OC(F)(F)F)c2)cc1)Nc1cc(Cl)cc(Cl)c1,0.33707865168539325,7.69897
CC(CC(C)(C)C)Oc1cccc2cccnc12,0.3877551020408163,5.69897
O=C(NCC(CCNC1CCCC1)c1ccc(-c2cccc(Cl)c2)cc1)Nc1cc(Cl)cc(Cl)c1,0.3950617283950617,7.585027
CCC(COC(C)=O)(COC(C)=O)NC(=O)N(CCC1CCN(Cc2ccc(C)cc2)CC1)Cc1ccc(-c2ccc(OC)cc2)cc1,0.32142857142857145,6.769781
CCC(COC(C)=O)(COC(C)=O)NC(=O)N(CCC1CCN(Cc2ccc(C)cc2)CC1)Cc1ccc(-c2ccccc2OC)cc1,0.3023255813953488,5.920819
C[C@@H](NC(=O)c1ccc(CC2CCN(Cc3ccc(-c4ccccc4)cc3)CC2)cc1)c1ccc(Br)cc1,0.38666666666666666,5.29243
Cc1ccc(CN2CCC(=Cc3ccc(C(=O)N[C@H](C)c4ccc(Br)cc4)cc3)CC2)c2ccccc12,0.2289156626506024,5.849858
CSCC[C@@H]1NC(=O)[C@@H](NC(=O)[C@H](CCCNC(=N)N)NC(=O)[C@H](CC(C)C)NC(=O)[C@H](CCSC)NC(=O)[C@H](CC(=O)O)NC(=O)[C@H](Cc2ccccc2)NC(=O)[C@@H](N)CC(=O)O)CSSC[C@@H](C(=O)N[C@@H](Cc2c[nH]c3ccccc23)C(=O)N[C@@H](CCC(N)=O)CN[C@@H](Cc2ccc(O)cc2)C(=O)O)NC(=O)[C@@H]2CCCN2C(=O)[C@H](CCCNC(=N)N)NC(=O)[C@H](Cc2ccccc2)NC(=O)[C@H](C(C)C)NC(=O)[C@H](CCCNC(=N)N)NC(=O)CNC(=O)[C@H](CC(C)C)NC1=O,0.15263157894736842,10.468521
C[C@@H](NC(=O)c1ccc(C=C2CCN(Cc3ccc(-c4ccccc4)cc3)CC2)cc1)c1ccc(Br)cc1,0.352112676056338,5.291239
